ISO-10303-21;
HEADER;
FILE_DESCRIPTION (( 'STEP AP214' ),
    '1' );
FILE_NAME ('NMJ4HCD2.STEP',
    '2023-08-16T08:33:20',
    ( '' ),
    ( '' ),
    'SwSTEP 2.0',
    'SolidWorks 2021',
    '' );
FILE_SCHEMA (( 'AUTOMOTIVE_DESIGN' ));
ENDSEC;

DATA;
#1 = LINE ( 'NONE', #556, #1193 ) ;
#2 = CARTESIAN_POINT ( 'NONE',  ( -8.364999999999998437, 0.2200000000000000011, -6.100000000000000533 ) ) ;
#3 = VERTEX_POINT ( 'NONE', #705 ) ;
#4 = FACE_OUTER_BOUND ( 'NONE', #2015, .T. ) ;
#5 = DIRECTION ( 'NONE',  ( 0.000000000000000000, 0.000000000000000000, 1.000000000000000000 ) ) ;
#6 = DIRECTION ( 'NONE',  ( 1.000000000000000000, 0.000000000000000000, 0.000000000000000000 ) ) ;
#7 = EDGE_CURVE ( 'NONE', #2022, #1971, #2358, .T. ) ;
#8 = VERTEX_POINT ( 'NONE', #1842 ) ;
#9 = CARTESIAN_POINT ( 'NONE',  ( 9.099999999999999645, 8.139999999999998792, 0.000000000000000000 ) ) ;
#10 = VERTEX_POINT ( 'NONE', #681 ) ;
#11 = PLANE ( 'NONE',  #1356 ) ;
#12 = VECTOR ( 'NONE', #1730, 1000.000000000000000 ) ;
#13 = CARTESIAN_POINT ( 'NONE',  ( 7.865000000000000213, 0.000000000000000000, -18.80000000000000071 ) ) ;
#14 = LINE ( 'NONE', #724, #585 ) ;
#15 = VERTEX_POINT ( 'NONE', #2166 ) ;
#16 = FACE_OUTER_BOUND ( 'NONE', #989, .T. ) ;
#17 = AXIS2_PLACEMENT_3D ( 'NONE', #507, #712, #2215 ) ;
#18 = VECTOR ( 'NONE', #946, 1000.000000000000000 ) ;
#19 = DIRECTION ( 'NONE',  ( 0.000000000000000000, -1.000000000000000000, 0.000000000000000000 ) ) ;
#20 = CARTESIAN_POINT ( 'NONE',  ( 8.364999999999998437, 0.2200000000000000011, -1.899999999999999911 ) ) ;
#21 = AXIS2_PLACEMENT_3D ( 'NONE', #1428, #288, #1605 ) ;
#22 = AXIS2_PLACEMENT_3D ( 'NONE', #1258, #107, #2043 ) ;
#23 = VERTEX_POINT ( 'NONE', #1232 ) ;
#24 = AXIS2_PLACEMENT_3D ( 'NONE', #1139, #1732, #60 ) ;
#25 = DIRECTION ( 'NONE',  ( 0.000000000000000000, 0.000000000000000000, 1.000000000000000000 ) ) ;
#26 = EDGE_LOOP ( 'NONE', ( #1076, #216, #891, #1374, #132, #327, #1699, #710 ) ) ;
#27 = EDGE_CURVE ( 'NONE', #610, #2293, #533, .T. ) ;
#28 = PRODUCT ( 'NMJ4HCD2', 'NMJ4HCD2', '', ( #549 ) ) ;
#29 = CIRCLE ( 'NONE', #1322, 0.5499999999999983791 ) ;
#30 = VECTOR ( 'NONE', #1722, 1000.000000000000000 ) ;
#31 = ADVANCED_FACE ( 'NONE', ( #2396 ), #1448, .T. ) ;
#32 = DIRECTION ( 'NONE',  ( 0.000000000000000000, -1.000000000000000000, 0.000000000000000000 ) ) ;
#33 = CARTESIAN_POINT ( 'NONE',  ( -9.099999999999999645, 0.2200000000000000011, -20.60999999999999943 ) ) ;
#34 = ORIENTED_EDGE ( 'NONE', *, *, #1932, .F. ) ;
#35 = DIRECTION ( 'NONE',  ( 0.000000000000000000, -1.000000000000000000, 0.000000000000000000 ) ) ;
#36 = CARTESIAN_POINT ( 'NONE',  ( 0.000000000000000000, 4.890000000000000568, -21.48361162512999911 ) ) ;
#37 = CARTESIAN_POINT ( 'NONE',  ( -7.865000000000000213, 0.000000000000000000, -1.899999999999999911 ) ) ;
#38 = DIRECTION ( 'NONE',  ( 1.000000000000000000, 0.000000000000000000, 0.000000000000000000 ) ) ;
#39 = ORIENTED_EDGE ( 'NONE', *, *, #247, .F. ) ;
#40 = FACE_OUTER_BOUND ( 'NONE', #1653, .T. ) ;
#41 = ORIENTED_EDGE ( 'NONE', *, *, #878, .F. ) ;
#42 = FACE_OUTER_BOUND ( 'NONE', #1462, .T. ) ;
#43 = EDGE_CURVE ( 'NONE', #648, #373, #226, .T. ) ;
#44 = ADVANCED_FACE ( 'NONE', ( #1674 ), #1685, .T. ) ;
#45 = DIRECTION ( 'NONE',  ( 0.000000000000000000, -1.000000000000000000, 0.000000000000000000 ) ) ;
#46 = ORIENTED_EDGE ( 'NONE', *, *, #1672, .T. ) ;
#47 = LINE ( 'NONE', #1343, #130 ) ;
#48 = FACE_OUTER_BOUND ( 'NONE', #1252, .T. ) ;
#49 = CARTESIAN_POINT ( 'NONE',  ( 0.000000000000000000, 8.139999999999998792, 3.000000000000000000 ) ) ;
#50 = LINE ( 'NONE', #2417, #306 ) ;
#51 = ORIENTED_EDGE ( 'NONE', *, *, #1967, .T. ) ;
#52 = LINE ( 'NONE', #1535, #1542 ) ;
#53 = ORIENTED_EDGE ( 'NONE', *, *, #1019, .F. ) ;
#54 = CYLINDRICAL_SURFACE ( 'NONE', #2065, 3.250000000000000444 ) ;
#55 = LINE ( 'NONE', #967, #1078 ) ;
#56 = ORIENTED_EDGE ( 'NONE', *, *, #1211, .F. ) ;
#57 = LINE ( 'NONE', #2310, #1231 ) ;
#58 = EDGE_CURVE ( 'NONE', #2218, #155, #2260, .T. ) ;
#59 = DIRECTION ( 'NONE',  ( 1.000000000000000000, 0.000000000000000000, 0.000000000000000000 ) ) ;
#60 = DIRECTION ( 'NONE',  ( 0.000000000000000000, -1.000000000000000000, 0.000000000000000000 ) ) ;
#61 = COLOUR_RGB ( '',0.7960784313725489669, 0.8235294117647058432, 0.9372549019607843146 ) ;
#62 = VERTEX_POINT ( 'NONE', #2284 ) ;
#63 = CARTESIAN_POINT ( 'NONE',  ( 0.000000000000000000, 8.139999999999998792, -7.000000000000000000 ) ) ;
#64 = VECTOR ( 'NONE', #1947, 1000.000000000000000 ) ;
#65 = VECTOR ( 'NONE', #2112, 1000.000000000000000 ) ;
#66 = DIRECTION ( 'NONE',  ( 0.000000000000000000, 0.000000000000000000, 1.000000000000000000 ) ) ;
#67 = CARTESIAN_POINT ( 'NONE',  ( -4.150000000000000355, 8.139999999999998792, -7.000000000000000000 ) ) ;
#68 = VECTOR ( 'NONE', #784, 1000.000000000000000 ) ;
#69 = DIRECTION ( 'NONE',  ( -1.000000000000000000, 0.000000000000000000, 0.000000000000000000 ) ) ;
#70 = ORIENTED_EDGE ( 'NONE', *, *, #571, .F. ) ;
#71 = FACE_OUTER_BOUND ( 'NONE', #921, .T. ) ;
#72 = DIRECTION ( 'NONE',  ( 0.000000000000000000, 0.000000000000000000, 1.000000000000000000 ) ) ;
#73 = ADVANCED_FACE ( 'NONE', ( #2088 ), #200, .T. ) ;
#74 = ADVANCED_FACE ( 'NONE', ( #568 ), #1521, .F. ) ;
#75 = ORIENTED_EDGE ( 'NONE', *, *, #348, .T. ) ;
#76 = VERTEX_POINT ( 'NONE', #2057 ) ;
#77 = CARTESIAN_POINT ( 'NONE',  ( 9.099999999999999645, 8.139999999999998792, -20.60999999999999943 ) ) ;
#78 = CARTESIAN_POINT ( 'NONE',  ( 7.799999999999999822, 12.72000000000000064, 0.000000000000000000 ) ) ;
#79 = DIRECTION ( 'NONE',  ( 0.000000000000000000, -1.000000000000000000, 0.000000000000000000 ) ) ;
#80 = ORIENTED_EDGE ( 'NONE', *, *, #1121, .T. ) ;
#81 = DIRECTION ( 'NONE',  ( 0.000000000000000000, 0.000000000000000000, -1.000000000000000000 ) ) ;
#82 = CARTESIAN_POINT ( 'NONE',  ( -7.865000000000000213, 0.2200000000000000011, -18.80000000000000071 ) ) ;
#83 = ORIENTED_EDGE ( 'NONE', *, *, #1410, .F. ) ;
#84 = ORIENTED_EDGE ( 'NONE', *, *, #7, .T. ) ;
#85 = EDGE_CURVE ( 'NONE', #649, #155, #1895, .T. ) ;
#86 = DIRECTION ( 'NONE',  ( 0.9843214110730050814, -0.1763841254287017712, 0.000000000000000000 ) ) ;
#87 = CARTESIAN_POINT ( 'NONE',  ( -8.364999999999998437, 0.000000000000000000, -16.15000000000000213 ) ) ;
#88 = EDGE_LOOP ( 'NONE', ( #495, #1468, #2324, #2029 ) ) ;
#89 = DIRECTION ( 'NONE',  ( 0.000000000000000000, -1.000000000000000000, 0.000000000000000000 ) ) ;
#90 = FACE_OUTER_BOUND ( 'NONE', #2149, .T. ) ;
#91 = CIRCLE ( 'NONE', #2089, 3.250000000000000444 ) ;
#92 = ORIENTED_EDGE ( 'NONE', *, *, #2020, .F. ) ;
#93 = SURFACE_STYLE_USAGE ( .BOTH. , #478 ) ;
#94 = EDGE_CURVE ( 'NONE', #2022, #1069, #1912, .T. ) ;
#95 = VECTOR ( 'NONE', #779, 1000.000000000000000 ) ;
#96 = CARTESIAN_POINT ( 'NONE',  ( 7.865000000000000213, 0.2200000000000000011, -14.59999999999999964 ) ) ;
#97 = AXIS2_PLACEMENT_3D ( 'NONE', #1801, #935, #1816 ) ;
#98 = CIRCLE ( 'NONE', #927, 4.150000000000000355 ) ;
#99 = EDGE_CURVE ( 'NONE', #1480, #244, #1854, .T. ) ;
#100 = EDGE_CURVE ( 'NONE', #3, #2376, #335, .T. ) ;
#101 = CIRCLE ( 'NONE', #24, 5.700000000000000178 ) ;
#102 = VERTEX_POINT ( 'NONE', #1872 ) ;
#103 = LINE ( 'NONE', #1935, #814 ) ;
#104 = MECHANICAL_DESIGN_GEOMETRIC_PRESENTATION_REPRESENTATION (  '', ( #2308 ), #1819 ) ;
#105 = DIRECTION ( 'NONE',  ( 0.000000000000000000, 1.000000000000000000, 0.000000000000000000 ) ) ;
#106 = ORIENTED_EDGE ( 'NONE', *, *, #212, .T. ) ;
#107 = DIRECTION ( 'NONE',  ( 0.000000000000000000, 0.000000000000000000, 1.000000000000000000 ) ) ;
#108 = DIRECTION ( 'NONE',  ( 0.000000000000000000, 0.000000000000000000, 1.000000000000000000 ) ) ;
#109 = EDGE_LOOP ( 'NONE', ( #908, #250, #741, #1649 ) ) ;
#110 = FACE_OUTER_BOUND ( 'NONE', #896, .T. ) ;
#111 = EDGE_CURVE ( 'NONE', #2195, #1160, #1575, .T. ) ;
#112 = DIRECTION ( 'NONE',  ( 0.000000000000000000, -1.000000000000000000, 0.000000000000000000 ) ) ;
#113 = DIRECTION ( 'NONE',  ( 0.000000000000000000, 0.000000000000000000, 1.000000000000000000 ) ) ;
#114 = EDGE_LOOP ( 'NONE', ( #1484, #1988, #1276, #1149, #145, #1111, #880, #1721 ) ) ;
#115 = CARTESIAN_POINT ( 'NONE',  ( 4.349999999999999645, 12.35500000000000043, -23.52999999999999758 ) ) ;
#116 = ORIENTED_EDGE ( 'NONE', *, *, #1418, .T. ) ;
#117 = SURFACE_SIDE_STYLE ('',( #2156 ) ) ;
#118 = CARTESIAN_POINT ( 'NONE',  ( -7.865000000000000213, -3.449999999999999734, -16.15000000000000213 ) ) ;
#119 = ORIENTED_EDGE ( 'NONE', *, *, #1845, .F. ) ;
#120 = DIRECTION ( 'NONE',  ( 0.000000000000000000, 0.000000000000000000, 1.000000000000000000 ) ) ;
#121 = CARTESIAN_POINT ( 'NONE',  ( -4.349999999999999645, 12.35500000000000043, -23.52999999999999758 ) ) ;
#122 = ADVANCED_FACE ( 'NONE', ( #1108 ), #605, .F. ) ;
#123 = VERTEX_POINT ( 'NONE', #1138 ) ;
#124 = ORIENTED_EDGE ( 'NONE', *, *, #1087, .F. ) ;
#125 = EDGE_CURVE ( 'NONE', #1780, #296, #1497, .T. ) ;
#126 = VECTOR ( 'NONE', #1632, 1000.000000000000000 ) ;
#127 = ORIENTED_EDGE ( 'NONE', *, *, #1345, .T. ) ;
#128 = VECTOR ( 'NONE', #1841, 1000.000000000000000 ) ;
#129 = CYLINDRICAL_SURFACE ( 'NONE', #466, 4.150000000000001243 ) ;
#130 = VECTOR ( 'NONE', #35, 1000.000000000000000 ) ;
#131 = FACE_BOUND ( 'NONE', #1752, .T. ) ;
#132 = ORIENTED_EDGE ( 'NONE', *, *, #1042, .T. ) ;
#133 = FACE_OUTER_BOUND ( 'NONE', #2397, .T. ) ;
#134 = AXIS2_PLACEMENT_3D ( 'NONE', #1659, #532, #1831 ) ;
#135 = PRESENTATION_LAYER_ASSIGNMENT (  '', '', ( #2340 ) ) ;
#136 = AXIS2_PLACEMENT_3D ( 'NONE', #954, #2403, #1692 ) ;
#137 = DIRECTION ( 'NONE',  ( 1.000000000000000000, 0.000000000000000000, 0.000000000000000000 ) ) ;
#138 = ORIENTED_EDGE ( 'NONE', *, *, #2433, .T. ) ;
#139 = MECHANICAL_DESIGN_GEOMETRIC_PRESENTATION_REPRESENTATION (  '', ( #1239 ), #1906 ) ;
#140 = ORIENTED_EDGE ( 'NONE', *, *, #1884, .T. ) ;
#141 = STYLED_ITEM ( 'NONE', ( #871 ), #2162 ) ;
#142 =( NAMED_UNIT ( * ) SI_UNIT ( $, .STERADIAN. ) SOLID_ANGLE_UNIT ( ) );
#143 = EDGE_CURVE ( 'NONE', #1391, #520, #2273, .T. ) ;
#144 = EDGE_CURVE ( 'NONE', #826, #870, #973, .T. ) ;
#145 = ORIENTED_EDGE ( 'NONE', *, *, #513, .F. ) ;
#146 = DIRECTION ( 'NONE',  ( 0.000000000000000000, 1.000000000000000000, 0.000000000000000000 ) ) ;
#147 = CARTESIAN_POINT ( 'NONE',  ( -8.364999999999998437, -3.449999999999999734, -4.000000000000000000 ) ) ;
#148 = ORIENTED_EDGE ( 'NONE', *, *, #571, .T. ) ;
#149 = DIRECTION ( 'NONE',  ( 0.000000000000000000, 0.000000000000000000, 1.000000000000000000 ) ) ;
#150 = LINE ( 'NONE', #1058, #536 ) ;
#151 = DIRECTION ( 'NONE',  ( 1.000000000000000000, 0.000000000000000000, 0.000000000000000000 ) ) ;
#152 = ORIENTED_EDGE ( 'NONE', *, *, #2013, .F. ) ;
#153 = DIRECTION ( 'NONE',  ( 0.000000000000000000, 0.000000000000000000, 1.000000000000000000 ) ) ;
#154 = ORIENTED_EDGE ( 'NONE', *, *, #817, .F. ) ;
#155 = VERTEX_POINT ( 'NONE', #370 ) ;
#156 = FACE_OUTER_BOUND ( 'NONE', #1590, .T. ) ;
#157 = ADVANCED_FACE ( 'NONE', ( #1474 ), #2423, .F. ) ;
#158 = CARTESIAN_POINT ( 'NONE',  ( -8.364999999999998437, 0.2200000000000000011, -18.80000000000000071 ) ) ;
#159 = ORIENTED_EDGE ( 'NONE', *, *, #429, .F. ) ;
#160 = DIRECTION ( 'NONE',  ( 0.000000000000000000, 0.000000000000000000, 1.000000000000000000 ) ) ;
#161 = CYLINDRICAL_SURFACE ( 'NONE', #772, 4.150000000000000355 ) ;
#162 = DIRECTION ( 'NONE',  ( 0.000000000000000000, 0.000000000000000000, 1.000000000000000000 ) ) ;
#163 = ORIENTED_EDGE ( 'NONE', *, *, #1418, .F. ) ;
#164 = DIRECTION ( 'NONE',  ( 0.000000000000000000, 0.000000000000000000, 1.000000000000000000 ) ) ;
#165 = UNCERTAINTY_MEASURE_WITH_UNIT (LENGTH_MEASURE( 1.000000000000000082E-05 ), #665, 'distance_accuracy_value', 'NONE');
#166 = VERTEX_POINT ( 'NONE', #184 ) ;
#167 = CONTEXT_DEPENDENT_SHAPE_REPRESENTATION ( #2337, #951 ) ;
#168 = VERTEX_POINT ( 'NONE', #657 ) ;
#169 = CARTESIAN_POINT ( 'NONE',  ( 5.700000000000000178, 8.139999999999998792, -7.000000000000000000 ) ) ;
#170 = EDGE_CURVE ( 'NONE', #123, #232, #2051, .T. ) ;
#171 = CARTESIAN_POINT ( 'NONE',  ( 4.349999999999999645, 12.35500000000000043, -23.52999999999999758 ) ) ;
#172 = ORIENTED_EDGE ( 'NONE', *, *, #744, .F. ) ;
#173 = PLANE ( 'NONE',  #1660 ) ;
#174 = VECTOR ( 'NONE', #1976, 1000.000000000000000 ) ;
#175 = EDGE_CURVE ( 'NONE', #917, #23, #1383, .T. ) ;
#176 = ADVANCED_FACE ( 'NONE', ( #448 ), #1007, .F. ) ;
#177 = DIRECTION ( 'NONE',  ( 0.000000000000000000, 0.000000000000000000, 1.000000000000000000 ) ) ;
#178 = DIRECTION ( 'NONE',  ( 0.000000000000000000, 0.000000000000000000, 1.000000000000000000 ) ) ;
#179 = AXIS2_PLACEMENT_3D ( 'NONE', #539, #317, #2228 ) ;
#180 = ORIENTED_EDGE ( 'NONE', *, *, #2087, .F. ) ;
#181 = CARTESIAN_POINT ( 'NONE',  ( 8.364999999999998437, 0.2200000000000000011, -14.59999999999999964 ) ) ;
#182 = AXIS2_PLACEMENT_3D ( 'NONE', #1981, #869, #690 ) ;
#183 = VECTOR ( 'NONE', #1183, 1000.000000000000000 ) ;
#184 = CARTESIAN_POINT ( 'NONE',  ( 4.150000000000001243, 8.139999999999998792, 3.000000000000000000 ) ) ;
#185 = DIRECTION ( 'NONE',  ( 0.000000000000000000, 0.000000000000000000, 1.000000000000000000 ) ) ;
#186 = VECTOR ( 'NONE', #1337, 1000.000000000000000 ) ;
#187 = DIRECTION ( 'NONE',  ( 1.000000000000000000, 0.000000000000000000, 0.000000000000000000 ) ) ;
#188 = AXIS2_PLACEMENT_3D ( 'NONE', #190, #2034, #362 ) ;
#189 = ORIENTED_EDGE ( 'NONE', *, *, #2341, .T. ) ;
#190 = CARTESIAN_POINT ( 'NONE',  ( -8.364999999999998437, 0.2200000000000000011, -18.80000000000000071 ) ) ;
#191 = LINE ( 'NONE', #2251, #1041 ) ;
#192 = ORIENTED_EDGE ( 'NONE', *, *, #1311, .F. ) ;
#193 = CARTESIAN_POINT ( 'NONE',  ( 7.799999999999999822, 12.72000000000000064, 0.000000000000000000 ) ) ;
#194 = LINE ( 'NONE', #578, #1389 ) ;
#195 = LINE ( 'NONE', #905, #467 ) ;
#196 = ORIENTED_EDGE ( 'NONE', *, *, #756, .F. ) ;
#197 = LINE ( 'NONE', #211, #18 ) ;
#198 = ADVANCED_FACE ( 'NONE', ( #48 ), #849, .F. ) ;
#199 = EDGE_CURVE ( 'NONE', #515, #677, #634, .T. ) ;
#200 = PLANE ( 'NONE',  #848 ) ;
#201 = FILL_AREA_STYLE ('',( #2439 ) ) ;
#202 = CYLINDRICAL_SURFACE ( 'NONE', #2305, 0.5499999999999983791 ) ;
#203 = VERTEX_POINT ( 'NONE', #1568 ) ;
#204 = DIRECTION ( 'NONE',  ( 1.000000000000000000, 0.000000000000000000, 0.000000000000000000 ) ) ;
#205 = LINE ( 'NONE', #158, #1203 ) ;
#206 = ORIENTED_EDGE ( 'NONE', *, *, #1647, .T. ) ;
#207 = CARTESIAN_POINT ( 'NONE',  ( -10.92006769424999924, 0.000000000000000000, -3.449999999999999734 ) ) ;
#208 = CARTESIAN_POINT ( 'NONE',  ( 0.000000000000000000, 8.139999999999998792, -10.00000000000000000 ) ) ;
#209 = PLANE ( 'NONE',  #1273 ) ;
#210 = EDGE_LOOP ( 'NONE', ( #1773, #1495, #925, #2343 ) ) ;
#211 = CARTESIAN_POINT ( 'NONE',  ( -8.364999999999998437, 0.2200000000000000011, -1.899999999999999911 ) ) ;
#212 = EDGE_CURVE ( 'NONE', #287, #870, #91, .T. ) ;
#213 = CARTESIAN_POINT ( 'NONE',  ( 7.865000000000000213, 0.2200000000000000011, -18.80000000000000071 ) ) ;
#214 = LINE ( 'NONE', #636, #780 ) ;
#215 = EDGE_CURVE ( 'NONE', #76, #203, #620, .T. ) ;
#216 = ORIENTED_EDGE ( 'NONE', *, *, #1593, .T. ) ;
#217 = LINE ( 'NONE', #978, #30 ) ;
#218 = SURFACE_STYLE_FILL_AREA ( #2278 ) ;
#219 = CARTESIAN_POINT ( 'NONE',  ( -9.099999999999999645, 0.2200000000000000011, -20.60999999999999943 ) ) ;
#220 = AXIS2_PLACEMENT_3D ( 'NONE', #584, #781, #1304 ) ;
#221 = CARTESIAN_POINT ( 'NONE',  ( 3.250000000000000444, 8.139999999999998792, -10.00000000000000000 ) ) ;
#222 = ORIENTED_EDGE ( 'NONE', *, *, #143, .T. ) ;
#223 = CARTESIAN_POINT ( 'NONE',  ( -8.364999999999998437, 0.000000000000000000, -14.59999999999999964 ) ) ;
#224 = CIRCLE ( 'NONE', #264, 3.249999999999999556 ) ;
#225 = CIRCLE ( 'NONE', #966, 0.5500000000000001554 ) ;
#226 = LINE ( 'NONE', #1163, #419 ) ;
#227 =( NAMED_UNIT ( * ) PLANE_ANGLE_UNIT ( ) SI_UNIT ( $, .RADIAN. ) );
#228 = CARTESIAN_POINT ( 'NONE',  ( -8.364999999999998437, 0.2200000000000000011, -18.80000000000000071 ) ) ;
#229 = AXIS2_PLACEMENT_3D ( 'NONE', #193, #1703, #1526 ) ;
#230 = ORIENTED_EDGE ( 'NONE', *, *, #981, .F. ) ;
#231 = VECTOR ( 'NONE', #438, 1000.000000000000000 ) ;
#232 = VERTEX_POINT ( 'NONE', #1958 ) ;
#233 = ADVANCED_FACE ( 'NONE', ( #90 ), #995, .F. ) ;
#234 = EDGE_CURVE ( 'NONE', #1570, #1875, #2142, .T. ) ;
#235 = CIRCLE ( 'NONE', #470, 1.299999999999999156 ) ;
#236 =( NAMED_UNIT ( * ) SI_UNIT ( $, .STERADIAN. ) SOLID_ANGLE_UNIT ( ) );
#237 = AXIS2_PLACEMENT_3D ( 'NONE', #1889, #822, #204 ) ;
#238 = LINE ( 'NONE', #2123, #1584 ) ;
#239 = ORIENTED_EDGE ( 'NONE', *, *, #1748, .T. ) ;
#240 = CARTESIAN_POINT ( 'NONE',  ( -4.349999999999999645, 12.35500000000000043, -23.52999999999999758 ) ) ;
#241 = CARTESIAN_POINT ( 'NONE',  ( 0.000000000000000000, 8.139999999999998792, -20.60999999999999943 ) ) ;
#242 =( NAMED_UNIT ( * ) PLANE_ANGLE_UNIT ( ) SI_UNIT ( $, .RADIAN. ) );
#243 = FACE_OUTER_BOUND ( 'NONE', #762, .T. ) ;
#244 = VERTEX_POINT ( 'NONE', #459 ) ;
#245 = DIRECTION ( 'NONE',  ( 0.000000000000000000, 0.000000000000000000, -1.000000000000000000 ) ) ;
#246 = ORIENTED_EDGE ( 'NONE', *, *, #1814, .F. ) ;
#247 = EDGE_CURVE ( 'NONE', #1213, #2036, #1969, .T. ) ;
#248 = CARTESIAN_POINT ( 'NONE',  ( 7.865000000000000213, 0.000000000000000000, -1.899999999999999911 ) ) ;
#249 = CARTESIAN_POINT ( 'NONE',  ( 0.000000000000000000, 8.139999999999998792, 0.000000000000000000 ) ) ;
#250 = ORIENTED_EDGE ( 'NONE', *, *, #289, .T. ) ;
#251 = CARTESIAN_POINT ( 'NONE',  ( -10.92006769424999924, 0.000000000000000000, -16.15000000000000213 ) ) ;
#252 = DIRECTION ( 'NONE',  ( 1.000000000000000000, 0.000000000000000000, 0.000000000000000000 ) ) ;
#253 = FACE_OUTER_BOUND ( 'NONE', #1446, .T. ) ;
#254 = DIRECTION ( 'NONE',  ( -1.000000000000000000, 0.000000000000000000, 0.000000000000000000 ) ) ;
#255 = ORIENTED_EDGE ( 'NONE', *, *, #144, .F. ) ;
#256 = DIRECTION ( 'NONE',  ( -1.000000000000000000, 0.000000000000000000, 0.000000000000000000 ) ) ;
#257 = ORIENTED_EDGE ( 'NONE', *, *, #944, .F. ) ;
#258 =( LENGTH_UNIT ( ) NAMED_UNIT ( * ) SI_UNIT ( .MILLI., .METRE. ) );
#259 = ADVANCED_FACE ( 'NONE', ( #1746 ), #1200, .T. ) ;
#260 = ORIENTED_EDGE ( 'NONE', *, *, #443, .T. ) ;
#261 = CARTESIAN_POINT ( 'NONE',  ( -4.150000000000001243, 8.139999999999998792, -7.000000000000000000 ) ) ;
#262 = ADVANCED_FACE ( 'NONE', ( #1018 ), #1360, .T. ) ;
#263 = DIRECTION ( 'NONE',  ( 1.000000000000000000, 0.000000000000000000, 0.000000000000000000 ) ) ;
#264 = AXIS2_PLACEMENT_3D ( 'NONE', #1857, #185, #936 ) ;
#265 = VECTOR ( 'NONE', #2160, 1000.000000000000000 ) ;
#266 = ORIENTED_EDGE ( 'NONE', *, *, #486, .F. ) ;
#267 = CARTESIAN_POINT ( 'NONE',  ( -8.364999999999998437, 0.000000000000000000, -18.80000000000000071 ) ) ;
#268 = ORIENTED_EDGE ( 'NONE', *, *, #2283, .T. ) ;
#269 = AXIS2_PLACEMENT_3D ( 'NONE', #493, #458, #1753 ) ;
#270 = MECHANICAL_DESIGN_GEOMETRIC_PRESENTATION_REPRESENTATION (  '', ( #2340 ), #1316 ) ;
#271 = DIRECTION ( 'NONE',  ( 0.000000000000000000, 1.000000000000000000, 0.000000000000000000 ) ) ;
#272 = DIRECTION ( 'NONE',  ( 0.000000000000000000, 0.000000000000000000, -1.000000000000000000 ) ) ;
#273 = VECTOR ( 'NONE', #356, 1000.000000000000000 ) ;
#274 = LINE ( 'NONE', #1015, #1506 ) ;
#275 = ORIENTED_EDGE ( 'NONE', *, *, #1606, .T. ) ;
#276 = CARTESIAN_POINT ( 'NONE',  ( -10.92006769424999924, 0.000000000000000000, -6.100000000000000533 ) ) ;
#277 = CARTESIAN_POINT ( 'NONE',  ( -7.865000000000000213, 0.2200000000000000011, -18.80000000000000071 ) ) ;
#278 = ADVANCED_FACE ( 'NONE', ( #1396 ), #2151, .T. ) ;
#279 = EDGE_LOOP ( 'NONE', ( #1515, #275, #2289, #955 ) ) ;
#280 = ORIENTED_EDGE ( 'NONE', *, *, #1488, .F. ) ;
#281 = LINE ( 'NONE', #87, #1162 ) ;
#282 = VERTEX_POINT ( 'NONE', #1548 ) ;
#283 = DIRECTION ( 'NONE',  ( 0.000000000000000000, 0.000000000000000000, 1.000000000000000000 ) ) ;
#284 = DIRECTION ( 'NONE',  ( 0.000000000000000000, -1.000000000000000000, 0.000000000000000000 ) ) ;
#285 = CYLINDRICAL_SURFACE ( 'NONE', #2372, 4.150000000000000355 ) ;
#286 = ADVANCED_FACE ( 'NONE', ( #828 ), #484, .T. ) ;
#287 = VERTEX_POINT ( 'NONE', #1219 ) ;
#288 = DIRECTION ( 'NONE',  ( 0.000000000000000000, 0.000000000000000000, 1.000000000000000000 ) ) ;
#289 = EDGE_CURVE ( 'NONE', #1185, #1151, #1736, .T. ) ;
#290 = DIRECTION ( 'NONE',  ( 0.000000000000000000, 0.000000000000000000, -1.000000000000000000 ) ) ;
#291 = CARTESIAN_POINT ( 'NONE',  ( 4.349999999999999645, 3.924999999999999822, -23.52999999999999758 ) ) ;
#292 = ORIENTED_EDGE ( 'NONE', *, *, #1443, .F. ) ;
#293 = FACE_OUTER_BOUND ( 'NONE', #1690, .T. ) ;
#294 = CARTESIAN_POINT ( 'NONE',  ( 8.364999999999998437, -3.449999999999999734, -3.449999999999999734 ) ) ;
#295 = AXIS2_PLACEMENT_3D ( 'NONE', #767, #1344, #1855 ) ;
#296 = VERTEX_POINT ( 'NONE', #344 ) ;
#297 = PLANE ( 'NONE',  #548 ) ;
#298 = AXIS2_PLACEMENT_3D ( 'NONE', #319, #1445, #2204 ) ;
#299 = VECTOR ( 'NONE', #1209, 1000.000000000000000 ) ;
#300 = PRODUCT_RELATED_PRODUCT_CATEGORY ( 'part', '', ( #28 ) ) ;
#301 = ADVANCED_FACE ( 'NONE', ( #1262 ), #1067, .T. ) ;
#302 = DIRECTION ( 'NONE',  ( 0.000000000000000000, -1.000000000000000000, 0.000000000000000000 ) ) ;
#303 =( GEOMETRIC_REPRESENTATION_CONTEXT ( 3 ) GLOBAL_UNCERTAINTY_ASSIGNED_CONTEXT ( ( #2406 ) ) GLOBAL_UNIT_ASSIGNED_CONTEXT ( ( #1189, #1596, #496 ) ) REPRESENTATION_CONTEXT ( 'NONE', 'WORKASPACE' ) );
#304 = CIRCLE ( 'NONE', #696, 0.5499999999999983791 ) ;
#305 = CARTESIAN_POINT ( 'NONE',  ( 7.865000000000000213, -3.449999999999999734, -3.449999999999999734 ) ) ;
#306 = VECTOR ( 'NONE', #557, 1000.000000000000000 ) ;
#307 = ORIENTED_EDGE ( 'NONE', *, *, #1378, .F. ) ;
#308 = DIRECTION ( 'NONE',  ( 1.000000000000000000, 0.000000000000000000, 0.000000000000000000 ) ) ;
#309 = CARTESIAN_POINT ( 'NONE',  ( 0.000000000000000000, 8.139999999999998792, 0.000000000000000000 ) ) ;
#310 = CARTESIAN_POINT ( 'NONE',  ( 0.000000000000000000, 8.139999999999998792, 3.000000000000000000 ) ) ;
#311 = CARTESIAN_POINT ( 'NONE',  ( 0.000000000000000000, 0.000000000000000000, 0.000000000000000000 ) ) ;
#312 = ORIENTED_EDGE ( 'NONE', *, *, #215, .T. ) ;
#313 = DIRECTION ( 'NONE',  ( 0.000000000000000000, -1.000000000000000000, 0.000000000000000000 ) ) ;
#314 = ADVANCED_FACE ( 'NONE', ( #2402 ), #702, .F. ) ;
#315 = DIRECTION ( 'NONE',  ( 0.000000000000000000, 0.000000000000000000, -1.000000000000000000 ) ) ;
#316 = VERTEX_POINT ( 'NONE', #1810 ) ;
#317 = DIRECTION ( 'NONE',  ( 0.000000000000000000, 0.000000000000000000, 1.000000000000000000 ) ) ;
#318 = EDGE_CURVE ( 'NONE', #846, #323, #572, .T. ) ;
#319 = CARTESIAN_POINT ( 'NONE',  ( 6.806468129806999556, 13.55838799068000000, 0.000000000000000000 ) ) ;
#320 = ORIENTED_EDGE ( 'NONE', *, *, #94, .F. ) ;
#321 = CARTESIAN_POINT ( 'NONE',  ( 5.700000000000000178, 8.139999999999998792, -7.000000000000000000 ) ) ;
#322 = ORIENTED_EDGE ( 'NONE', *, *, #867, .T. ) ;
#323 = VERTEX_POINT ( 'NONE', #1601 ) ;
#324 = DIRECTION ( 'NONE',  ( 1.000000000000000000, 0.000000000000000000, 0.000000000000000000 ) ) ;
#325 = CARTESIAN_POINT ( 'NONE',  ( 4.150000000000000355, 8.139999999999998792, -10.00000000000000000 ) ) ;
#326 = DIRECTION ( 'NONE',  ( 1.000000000000000000, 0.000000000000000000, 0.000000000000000000 ) ) ;
#327 = ORIENTED_EDGE ( 'NONE', *, *, #199, .F. ) ;
#328 = DIRECTION ( 'NONE',  ( 0.000000000000000000, 0.000000000000000000, -1.000000000000000000 ) ) ;
#329 = FACE_OUTER_BOUND ( 'NONE', #2061, .T. ) ;
#330 = ORIENTED_EDGE ( 'NONE', *, *, #2366, .T. ) ;
#331 = DIRECTION ( 'NONE',  ( -1.000000000000000000, 0.000000000000000000, 0.000000000000000000 ) ) ;
#332 = ADVANCED_FACE ( 'NONE', ( #875 ), #1796, .F. ) ;
#333 = EDGE_CURVE ( 'NONE', #755, #2154, #679, .T. ) ;
#334 = ORIENTED_EDGE ( 'NONE', *, *, #1504, .F. ) ;
#335 = CIRCLE ( 'NONE', #1696, 0.5499999999999983791 ) ;
#336 = ORIENTED_EDGE ( 'NONE', *, *, #1100, .T. ) ;
#337 = CIRCLE ( 'NONE', #1657, 4.150000000000001243 ) ;
#338 = AXIS2_PLACEMENT_3D ( 'NONE', #1579, #1972, #308 ) ;
#339 = CARTESIAN_POINT ( 'NONE',  ( -7.530000000000000249, 8.139999999999998792, 0.000000000000000000 ) ) ;
#340 = ORIENTED_EDGE ( 'NONE', *, *, #803, .T. ) ;
#341 = DIRECTION ( 'NONE',  ( 0.000000000000000000, 1.025063872168112953E-14, 1.000000000000000000 ) ) ;
#342 = VECTOR ( 'NONE', #2188, 1000.000000000000000 ) ;
#343 = AXIS2_PLACEMENT_3D ( 'NONE', #1786, #108, #1806 ) ;
#344 = CARTESIAN_POINT ( 'NONE',  ( 8.300000000000000711, 8.139999999999998792, -20.60999999999999943 ) ) ;
#345 = ORIENTED_EDGE ( 'NONE', *, *, #360, .F. ) ;
#346 = DIRECTION ( 'NONE',  ( 1.000000000000000000, 0.000000000000000000, -0.000000000000000000 ) ) ;
#347 = VECTOR ( 'NONE', #442, 1000.000000000000000 ) ;
#348 = EDGE_CURVE ( 'NONE', #1460, #1308, #1826, .T. ) ;
#349 = EDGE_LOOP ( 'NONE', ( #873, #1994, #92, #399 ) ) ;
#350 = APPLICATION_PROTOCOL_DEFINITION ( 'draft international standard', 'automotive_design', 1998, #1982 ) ;
#351 = VERTEX_POINT ( 'NONE', #2192 ) ;
#352 = CARTESIAN_POINT ( 'NONE',  ( -4.349999999999999645, 3.924999999999999822, -20.60999999999999943 ) ) ;
#353 = LINE ( 'NONE', #1648, #929 ) ;
#354 = EDGE_LOOP ( 'NONE', ( #2066, #2383, #1059, #1908 ) ) ;
#355 = DIRECTION ( 'NONE',  ( 0.000000000000000000, -1.000000000000000000, 0.000000000000000000 ) ) ;
#356 = DIRECTION ( 'NONE',  ( 1.000000000000000000, 0.000000000000000000, 0.000000000000000000 ) ) ;
#357 = ORIENTED_EDGE ( 'NONE', *, *, #625, .F. ) ;
#358 = FACE_BOUND ( 'NONE', #1088, .T. ) ;
#359 = EDGE_LOOP ( 'NONE', ( #384, #2276, #713, #1820 ) ) ;
#360 = EDGE_CURVE ( 'NONE', #3, #2071, #2364, .T. ) ;
#361 = ORIENTED_EDGE ( 'NONE', *, *, #2314, .F. ) ;
#362 = DIRECTION ( 'NONE',  ( 0.000000000000000000, -1.000000000000000000, 0.000000000000000000 ) ) ;
#363 = EDGE_CURVE ( 'NONE', #1616, #2218, #1771, .T. ) ;
#364 = ADVANCED_FACE ( 'NONE', ( #329 ), #1990, .T. ) ;
#365 = ORIENTED_EDGE ( 'NONE', *, *, #2031, .F. ) ;
#366 = PLANE ( 'NONE',  #1115 ) ;
#367 = CARTESIAN_POINT ( 'NONE',  ( 4.349999999999999645, 3.924999999999999822, -23.52999999999999758 ) ) ;
#368 = ORIENTED_EDGE ( 'NONE', *, *, #1224, .F. ) ;
#369 = CARTESIAN_POINT ( 'NONE',  ( -7.865000000000000213, -3.449999999999999734, -3.449999999999999734 ) ) ;
#370 = CARTESIAN_POINT ( 'NONE',  ( 0.000000000000000000, 8.139999999999998792, -23.35999999999999943 ) ) ;
#371 = DIRECTION ( 'NONE',  ( 0.000000000000000000, 0.000000000000000000, -1.000000000000000000 ) ) ;
#372 = LINE ( 'NONE', #1238, #1945 ) ;
#373 = VERTEX_POINT ( 'NONE', #1082 ) ;
#374 = FACE_OUTER_BOUND ( 'NONE', #2236, .T. ) ;
#375 = EDGE_CURVE ( 'NONE', #451, #826, #2011, .T. ) ;
#376 = EDGE_CURVE ( 'NONE', #2252, #1756, #2336, .T. ) ;
#377 = AXIS2_PLACEMENT_3D ( 'NONE', #2115, #72, #2322 ) ;
#378 = LINE ( 'NONE', #2226, #738 ) ;
#379 = EDGE_LOOP ( 'NONE', ( #2190, #334, #945, #952 ) ) ;
#380 = DIRECTION ( 'NONE',  ( 1.000000000000000000, 0.000000000000000000, 0.000000000000000000 ) ) ;
#381 = VECTOR ( 'NONE', #1212, 1000.000000000000000 ) ;
#382 = CARTESIAN_POINT ( 'NONE',  ( 0.000000000000000000, 8.139999999999998792, -10.00000000000000000 ) ) ;
#383 = CARTESIAN_POINT ( 'NONE',  ( -7.865000000000000213, 0.2200000000000000011, -6.100000000000000533 ) ) ;
#384 = ORIENTED_EDGE ( 'NONE', *, *, #1672, .F. ) ;
#385 = CARTESIAN_POINT ( 'NONE',  ( -3.250000000000000444, 8.139999999999998792, 0.000000000000000000 ) ) ;
#386 = VECTOR ( 'NONE', #2351, 1000.000000000000000 ) ;
#387 = CARTESIAN_POINT ( 'NONE',  ( -9.099999999999999645, 8.139999999999998792, 0.000000000000000000 ) ) ;
#388 = VECTOR ( 'NONE', #1518, 1000.000000000000000 ) ;
#389 = CARTESIAN_POINT ( 'NONE',  ( -4.349999999999999645, 3.924999999999999822, -23.52999999999999758 ) ) ;
#390 = AXIS2_PLACEMENT_3D ( 'NONE', #171, #924, #990 ) ;
#391 = ORIENTED_EDGE ( 'NONE', *, *, #2169, .F. ) ;
#392 = CARTESIAN_POINT ( 'NONE',  ( 0.000000000000000000, 8.139999999999998792, -7.000000000000000000 ) ) ;
#393 = CARTESIAN_POINT ( 'NONE',  ( 0.000000000000000000, 8.139999999999998792, -7.000000000000000000 ) ) ;
#394 = EDGE_LOOP ( 'NONE', ( #148, #172, #1240, #2193, #2419, #1561, #749, #638 ) ) ;
#395 = CARTESIAN_POINT ( 'NONE',  ( -4.349999999999999645, 12.35500000000000043, -20.60999999999999943 ) ) ;
#396 = EDGE_CURVE ( 'NONE', #1480, #1946, #150, .T. ) ;
#397 = CARTESIAN_POINT ( 'NONE',  ( 7.865000000000000213, 0.2200000000000000011, -1.899999999999999911 ) ) ;
#398 = DIRECTION ( 'NONE',  ( -1.000000000000000000, 0.000000000000000000, 0.000000000000000000 ) ) ;
#399 = ORIENTED_EDGE ( 'NONE', *, *, #980, .F. ) ;
#400 = DIRECTION ( 'NONE',  ( -1.000000000000000000, 0.000000000000000000, 0.000000000000000000 ) ) ;
#401 = EDGE_CURVE ( 'NONE', #1217, #123, #723, .T. ) ;
#402 = DIRECTION ( 'NONE',  ( 0.000000000000000000, -1.000000000000000000, 0.000000000000000000 ) ) ;
#403 = CARTESIAN_POINT ( 'NONE',  ( -7.865000000000000213, -3.449999999999999734, -4.549999999999999822 ) ) ;
#404 = CARTESIAN_POINT ( 'NONE',  ( 6.806468129806999556, 13.55838799068000000, 0.000000000000000000 ) ) ;
#405 = EDGE_LOOP ( 'NONE', ( #2429, #222, #2271, #2085 ) ) ;
#406 = CARTESIAN_POINT ( 'NONE',  ( 4.150000000000000355, 8.139999999999998792, -10.00000000000000000 ) ) ;
#407 = DIRECTION ( 'NONE',  ( 1.000000000000000000, 0.000000000000000000, 0.000000000000000000 ) ) ;
#408 = CARTESIAN_POINT ( 'NONE',  ( -3.250000000000000000, 8.139999999999998792, -10.00000000000000000 ) ) ;
#409 = DIRECTION ( 'NONE',  ( 0.000000000000000000, -1.000000000000000000, 0.000000000000000000 ) ) ;
#410 = DIRECTION ( 'NONE',  ( -1.000000000000000000, 0.000000000000000000, 0.000000000000000000 ) ) ;
#411 = ORIENTED_EDGE ( 'NONE', *, *, #2386, .T. ) ;
#412 = DIRECTION ( 'NONE',  ( 0.000000000000000000, 0.000000000000000000, 1.000000000000000000 ) ) ;
#413 = CARTESIAN_POINT ( 'NONE',  ( -7.865000000000000213, -3.449999999999999734, -16.15000000000000213 ) ) ;
#414 = DIRECTION ( 'NONE',  ( 0.000000000000000000, 0.000000000000000000, -1.000000000000000000 ) ) ;
#415 = VERTEX_POINT ( 'NONE', #294 ) ;
#416 = DIRECTION ( 'NONE',  ( 0.000000000000000000, 0.000000000000000000, 1.000000000000000000 ) ) ;
#417 = VERTEX_POINT ( 'NONE', #1035 ) ;
#418 = PLANE ( 'NONE',  #2062 ) ;
#419 = VECTOR ( 'NONE', #757, 1000.000000000000000 ) ;
#420 = CARTESIAN_POINT ( 'NONE',  ( -7.865000000000000213, 0.2200000000000000011, -1.899999999999999911 ) ) ;
#421 = EDGE_LOOP ( 'NONE', ( #1865, #1991, #2370, #561 ) ) ;
#422 = CARTESIAN_POINT ( 'NONE',  ( -3.250000000000000444, 8.139999999999998792, -10.00000000000000000 ) ) ;
#423 =( GEOMETRIC_REPRESENTATION_CONTEXT ( 3 ) GLOBAL_UNCERTAINTY_ASSIGNED_CONTEXT ( ( #617 ) ) GLOBAL_UNIT_ASSIGNED_CONTEXT ( ( #621, #227, #1896 ) ) REPRESENTATION_CONTEXT ( 'NONE', 'WORKASPACE' ) );
#424 = UNCERTAINTY_MEASURE_WITH_UNIT (LENGTH_MEASURE( 1.000000000000000082E-05 ), #1817, 'distance_accuracy_value', 'NONE');
#425 = DIRECTION ( 'NONE',  ( 0.000000000000000000, 0.000000000000000000, 1.000000000000000000 ) ) ;
#426 = DIRECTION ( 'NONE',  ( 0.000000000000000000, 1.000000000000000000, 0.000000000000000000 ) ) ;
#427 = CIRCLE ( 'NONE', #21, 3.250000000000000444 ) ;
#428 = COLOUR_RGB ( '',0.7960784313725489669, 0.8235294117647058432, 0.9372549019607843146 ) ;
#429 = EDGE_CURVE ( 'NONE', #1971, #1830, #1594, .T. ) ;
#430 = ORIENTED_EDGE ( 'NONE', *, *, #1799, .T. ) ;
#431 = VECTOR ( 'NONE', #1064, 1000.000000000000000 ) ;
#432 = DIRECTION ( 'NONE',  ( 1.000000000000000000, 0.000000000000000000, 0.000000000000000000 ) ) ;
#433 = VECTOR ( 'NONE', #2225, 1000.000000000000000 ) ;
#434 = CARTESIAN_POINT ( 'NONE',  ( -8.364999999999998437, 0.000000000000000000, -1.899999999999999911 ) ) ;
#435 = ORIENTED_EDGE ( 'NONE', *, *, #1363, .T. ) ;
#436 = PLANE ( 'NONE',  #659 ) ;
#437 = DIRECTION ( 'NONE',  ( 0.000000000000000000, 0.000000000000000000, 1.000000000000000000 ) ) ;
#438 = DIRECTION ( 'NONE',  ( 0.000000000000000000, 0.000000000000000000, -1.000000000000000000 ) ) ;
#439 = ORIENTED_EDGE ( 'NONE', *, *, #900, .F. ) ;
#440 = ORIENTED_EDGE ( 'NONE', *, *, #1293, .T. ) ;
#441 = ADVANCED_FACE ( 'NONE', ( #2163, #494 ), #1229, .T. ) ;
#442 = DIRECTION ( 'NONE',  ( 1.000000000000000000, 0.000000000000000000, 0.000000000000000000 ) ) ;
#443 = EDGE_CURVE ( 'NONE', #1888, #23, #2241, .T. ) ;
#444 = EDGE_CURVE ( 'NONE', #3, #599, #1, .T. ) ;
#445 = DIRECTION ( 'NONE',  ( 0.000000000000000000, 0.000000000000000000, 1.000000000000000000 ) ) ;
#446 = EDGE_LOOP ( 'NONE', ( #1683, #1314, #492, #626 ) ) ;
#447 = DIRECTION ( 'NONE',  ( 0.000000000000000000, -1.000000000000000000, 0.000000000000000000 ) ) ;
#448 = FACE_OUTER_BOUND ( 'NONE', #114, .T. ) ;
#449 = FILL_AREA_STYLE ('',( #986 ) ) ;
#450 = PLANE ( 'NONE',  #1317 ) ;
#451 = VERTEX_POINT ( 'NONE', #221 ) ;
#452 = LINE ( 'NONE', #963, #2098 ) ;
#453 = CARTESIAN_POINT ( 'NONE',  ( -8.364999999999998437, -3.449999999999999734, -3.449999999999999734 ) ) ;
#454 = CARTESIAN_POINT ( 'NONE',  ( -8.364999999999998437, 0.000000000000000000, -18.80000000000000071 ) ) ;
#455 = ADVANCED_FACE ( 'NONE', ( #1288 ), #2254, .T. ) ;
#456 = DIRECTION ( 'NONE',  ( 0.000000000000000000, -1.000000000000000000, 0.000000000000000000 ) ) ;
#457 = ORIENTED_EDGE ( 'NONE', *, *, #640, .T. ) ;
#458 = DIRECTION ( 'NONE',  ( 1.000000000000000000, 0.000000000000000000, 0.000000000000000000 ) ) ;
#459 = CARTESIAN_POINT ( 'NONE',  ( -4.150000000000000355, 8.139999999999998792, -10.00000000000000000 ) ) ;
#460 = AXIS2_PLACEMENT_3D ( 'NONE', #858, #1629, #137 ) ;
#461 = CARTESIAN_POINT ( 'NONE',  ( 9.079617834395000031, 12.49070063694000154, 0.000000000000000000 ) ) ;
#462 = AXIS2_PLACEMENT_3D ( 'NONE', #1084, #2435, #530 ) ;
#463 = EDGE_LOOP ( 'NONE', ( #2413, #336 ) ) ;
#464 = DIRECTION ( 'NONE',  ( -1.000000000000000000, 0.000000000000000000, 0.000000000000000000 ) ) ;
#465 = ORIENTED_EDGE ( 'NONE', *, *, #1328, .T. ) ;
#466 = AXIS2_PLACEMENT_3D ( 'NONE', #1420, #2199, #1442 ) ;
#467 = VECTOR ( 'NONE', #178, 1000.000000000000000 ) ;
#468 = DIRECTION ( 'NONE',  ( 0.000000000000000000, -1.000000000000000000, 0.000000000000000000 ) ) ;
#469 = PRESENTATION_STYLE_ASSIGNMENT (( #1576 ) ) ;
#470 = AXIS2_PLACEMENT_3D ( 'NONE', #1738, #66, #1941 ) ;
#471 = DIRECTION ( 'NONE',  ( 0.000000000000000000, 0.000000000000000000, -1.000000000000000000 ) ) ;
#472 = EDGE_LOOP ( 'NONE', ( #1585, #1558, #1221, #707 ) ) ;
#473 = LINE ( 'NONE', #2114, #2418 ) ;
#474 = ADVANCED_FACE ( 'NONE', ( #2431 ), #161, .T. ) ;
#475 = DIRECTION ( 'NONE',  ( 0.000000000000000000, 1.000000000000000000, 0.000000000000000000 ) ) ;
#476 = EDGE_CURVE ( 'NONE', #1812, #508, #1482, .T. ) ;
#477 = ORIENTED_EDGE ( 'NONE', *, *, #687, .F. ) ;
#478 = SURFACE_SIDE_STYLE ('',( #1400 ) ) ;
#479 = VERTEX_POINT ( 'NONE', #1300 ) ;
#480 = CARTESIAN_POINT ( 'NONE',  ( 0.000000000000000000, 8.139999999999998792, 0.000000000000000000 ) ) ;
#481 = CARTESIAN_POINT ( 'NONE',  ( 4.150000000000000355, 8.139999999999998792, -7.000000000000000000 ) ) ;
#482 = VERTEX_POINT ( 'NONE', #1879 ) ;
#483 = LINE ( 'NONE', #2150, #2014 ) ;
#484 = PLANE ( 'NONE',  #377 ) ;
#485 = CARTESIAN_POINT ( 'NONE',  ( 8.364999999999998437, 0.2200000000000000011, -14.59999999999999964 ) ) ;
#486 = EDGE_CURVE ( 'NONE', #1217, #1246, #658, .T. ) ;
#487 = EDGE_CURVE ( 'NONE', #1670, #637, #1093, .T. ) ;
#488 = ORIENTED_EDGE ( 'NONE', *, *, #2140, .T. ) ;
#489 =( NAMED_UNIT ( * ) SI_UNIT ( $, .STERADIAN. ) SOLID_ANGLE_UNIT ( ) );
#490 = DIRECTION ( 'NONE',  ( 1.000000000000000000, 0.000000000000000000, 0.000000000000000000 ) ) ;
#491 = CARTESIAN_POINT ( 'NONE',  ( 8.364999999999998437, 0.000000000000000000, -6.100000000000000533 ) ) ;
#492 = ORIENTED_EDGE ( 'NONE', *, *, #1920, .F. ) ;
#493 = CARTESIAN_POINT ( 'NONE',  ( -7.865000000000000213, -3.449999999999999734, -4.000000000000000000 ) ) ;
#494 = FACE_OUTER_BOUND ( 'NONE', #1915, .T. ) ;
#495 = ORIENTED_EDGE ( 'NONE', *, *, #2094, .T. ) ;
#496 =( NAMED_UNIT ( * ) SI_UNIT ( $, .STERADIAN. ) SOLID_ANGLE_UNIT ( ) );
#497 = EDGE_CURVE ( 'NONE', #2376, #820, #194, .T. ) ;
#498 = VECTOR ( 'NONE', #2285, 1000.000000000000000 ) ;
#499 = VECTOR ( 'NONE', #1957, 1000.000000000000000 ) ;
#500 = DIRECTION ( 'NONE',  ( 0.000000000000000000, 0.000000000000000000, 1.000000000000000000 ) ) ;
#501 = AXIS2_PLACEMENT_3D ( 'NONE', #63, #25, #598 ) ;
#502 = VECTOR ( 'NONE', #313, 1000.000000000000000 ) ;
#503 = DIRECTION ( 'NONE',  ( 0.000000000000000000, 0.000000000000000000, 1.000000000000000000 ) ) ;
#504 = VECTOR ( 'NONE', #754, 1000.000000000000000 ) ;
#505 = ORIENTED_EDGE ( 'NONE', *, *, #1747, .T. ) ;
#506 = VECTOR ( 'NONE', #2302, 1000.000000000000000 ) ;
#507 = CARTESIAN_POINT ( 'NONE',  ( 0.000000000000000000, 8.139999999999998792, -21.48361162512999911 ) ) ;
#508 = VERTEX_POINT ( 'NONE', #2069 ) ;
#509 = APPLICATION_PROTOCOL_DEFINITION ( 'draft international standard', 'automotive_design', 1998, #1910 ) ;
#510 = VERTEX_POINT ( 'NONE', #397 ) ;
#511 = CARTESIAN_POINT ( 'NONE',  ( 8.364999999999998437, 0.2200000000000000011, -18.80000000000000071 ) ) ;
#512 = EDGE_CURVE ( 'NONE', #835, #1604, #748, .T. ) ;
#513 = EDGE_CURVE ( 'NONE', #649, #2218, #224, .T. ) ;
#514 = FACE_OUTER_BOUND ( 'NONE', #1735, .T. ) ;
#515 = VERTEX_POINT ( 'NONE', #2058 ) ;
#516 = LINE ( 'NONE', #700, #1973 ) ;
#517 = DIRECTION ( 'NONE',  ( 1.000000000000000000, 0.000000000000000000, 0.000000000000000000 ) ) ;
#518 = ORIENTED_EDGE ( 'NONE', *, *, #1328, .F. ) ;
#519 = PLANE ( 'NONE',  #462 ) ;
#520 = VERTEX_POINT ( 'NONE', #1675 ) ;
#521 = ORIENTED_EDGE ( 'NONE', *, *, #1100, .F. ) ;
#522 = DIRECTION ( 'NONE',  ( 1.000000000000000000, 0.000000000000000000, 0.000000000000000000 ) ) ;
#523 = CARTESIAN_POINT ( 'NONE',  ( 8.364999999999998437, 0.2200000000000000011, -18.80000000000000071 ) ) ;
#524 = MANIFOLD_SOLID_BREP ( 'Split1[3]', #920 ) ;
#525 = ORIENTED_EDGE ( 'NONE', *, *, #100, .T. ) ;
#526 = DIRECTION ( 'NONE',  ( -1.000000000000000000, 0.000000000000000000, 0.000000000000000000 ) ) ;
#527 = EDGE_CURVE ( 'NONE', #1616, #123, #1873, .T. ) ;
#528 = CARTESIAN_POINT ( 'NONE',  ( 0.000000000000000000, 8.139999999999998792, -7.000000000000000000 ) ) ;
#529 = ORIENTED_EDGE ( 'NONE', *, *, #743, .T. ) ;
#530 = DIRECTION ( 'NONE',  ( 1.000000000000000000, 0.000000000000000000, 0.000000000000000000 ) ) ;
#531 = VERTEX_POINT ( 'NONE', #403 ) ;
#532 = DIRECTION ( 'NONE',  ( 0.000000000000000000, 0.000000000000000000, 1.000000000000000000 ) ) ;
#533 = CIRCLE ( 'NONE', #688, 5.700000000000000178 ) ;
#534 = ORIENTED_EDGE ( 'NONE', *, *, #85, .T. ) ;
#535 = DIRECTION ( 'NONE',  ( 1.000000000000000000, 0.000000000000000000, 0.000000000000000000 ) ) ;
#536 = VECTOR ( 'NONE', #904, 1000.000000000000000 ) ;
#537 = AXIS2_PLACEMENT_3D ( 'NONE', #2010, #2213, #2191 ) ;
#538 = ORIENTED_EDGE ( 'NONE', *, *, #1593, .F. ) ;
#539 = CARTESIAN_POINT ( 'NONE',  ( 0.000000000000000000, 8.139999999999998792, -7.000000000000000000 ) ) ;
#540 = DIRECTION ( 'NONE',  ( 0.000000000000000000, 0.000000000000000000, -1.000000000000000000 ) ) ;
#541 = FACE_BOUND ( 'NONE', #2316, .T. ) ;
#542 = ADVANCED_FACE ( 'NONE', ( #253 ), #635, .T. ) ;
#543 = VERTEX_POINT ( 'NONE', #959 ) ;
#544 = CARTESIAN_POINT ( 'NONE',  ( 8.364999999999998437, 0.000000000000000000, -1.899999999999999911 ) ) ;
#545 = AXIS2_PLACEMENT_3D ( 'NONE', #1597, #1024, #1995 ) ;
#546 = ORIENTED_EDGE ( 'NONE', *, *, #125, .F. ) ;
#547 = EDGE_CURVE ( 'NONE', #166, #2103, #337, .T. ) ;
#548 = AXIS2_PLACEMENT_3D ( 'NONE', #1757, #464, #1222 ) ;
#549 = PRODUCT_CONTEXT ( 'NONE', #1954, 'mechanical' ) ;
#550 = MANIFOLD_SOLID_BREP ( 'Cut-Extrude2', #1609 ) ;
#551 = EDGE_LOOP ( 'NONE', ( #1645, #1800, #196, #1226 ) ) ;
#552 = PLANE ( 'NONE',  #2384 ) ;
#553 = CARTESIAN_POINT ( 'NONE',  ( -3.250000000000000000, 8.139999999999998792, 0.000000000000000000 ) ) ;
#554 = EDGE_LOOP ( 'NONE', ( #440, #2404, #2201, #1381 ) ) ;
#555 = FACE_OUTER_BOUND ( 'NONE', #349, .T. ) ;
#556 = CARTESIAN_POINT ( 'NONE',  ( 7.865000000000000213, -3.449999999999999734, -16.15000000000000213 ) ) ;
#557 = DIRECTION ( 'NONE',  ( 1.000000000000000000, 0.000000000000000000, 0.000000000000000000 ) ) ;
#558 = ORIENTED_EDGE ( 'NONE', *, *, #743, .F. ) ;
#559 = DIRECTION ( 'NONE',  ( 0.000000000000000000, -1.000000000000000000, 0.000000000000000000 ) ) ;
#560 = EDGE_CURVE ( 'NONE', #765, #820, #768, .T. ) ;
#561 = ORIENTED_EDGE ( 'NONE', *, *, #1296, .F. ) ;
#562 = CARTESIAN_POINT ( 'NONE',  ( 0.000000000000000000, 8.139999999999998792, 0.000000000000000000 ) ) ;
#563 = CARTESIAN_POINT ( 'NONE',  ( 7.865000000000000213, 0.000000000000000000, -4.549999999999999822 ) ) ;
#564 = ORIENTED_EDGE ( 'NONE', *, *, #2386, .F. ) ;
#565 = FACE_OUTER_BOUND ( 'NONE', #1566, .T. ) ;
#566 = DIRECTION ( 'NONE',  ( 0.000000000000000000, -0.000000000000000000, -1.000000000000000000 ) ) ;
#567 = ORIENTED_EDGE ( 'NONE', *, *, #1281, .F. ) ;
#568 = FACE_OUTER_BOUND ( 'NONE', #669, .T. ) ;
#569 = FACE_OUTER_BOUND ( 'NONE', #359, .T. ) ;
#570 = ORIENTED_EDGE ( 'NONE', *, *, #1845, .T. ) ;
#571 = EDGE_CURVE ( 'NONE', #1623, #10, #2106, .T. ) ;
#572 = CIRCLE ( 'NONE', #1499, 5.700000000000000178 ) ;
#573 = VECTOR ( 'NONE', #2194, 1000.000000000000000 ) ;
#574 = FACE_OUTER_BOUND ( 'NONE', #1508, .T. ) ;
#575 = EDGE_CURVE ( 'NONE', #1195, #2221, #606, .T. ) ;
#576 = VERTEX_POINT ( 'NONE', #2164 ) ;
#577 = DIRECTION ( 'NONE',  ( 1.000000000000000000, 0.000000000000000000, 0.000000000000000000 ) ) ;
#578 = CARTESIAN_POINT ( 'NONE',  ( 7.865000000000000213, -3.449999999999999734, -17.25000000000000000 ) ) ;
#579 = DIRECTION ( 'NONE',  ( 0.000000000000000000, 0.000000000000000000, -1.000000000000000000 ) ) ;
#580 = VECTOR ( 'NONE', #612, 1000.000000000000000 ) ;
#581 = VERTEX_POINT ( 'NONE', #1977 ) ;
#582 = CARTESIAN_POINT ( 'NONE',  ( -8.364999999999998437, 0.000000000000000000, -17.25000000000000000 ) ) ;
#583 = AXIS2_PLACEMENT_3D ( 'NONE', #844, #1403, #2147 ) ;
#584 = CARTESIAN_POINT ( 'NONE',  ( -10.92006769424999924, 0.000000000000000000, -18.80000000000000071 ) ) ;
#585 = VECTOR ( 'NONE', #151, 1000.000000000000000 ) ;
#586 = DIRECTION ( 'NONE',  ( 1.000000000000000000, 0.000000000000000000, 0.000000000000000000 ) ) ;
#587 = VECTOR ( 'NONE', #1286, 1000.000000000000000 ) ;
#588 = ORIENTED_EDGE ( 'NONE', *, *, #1986, .T. ) ;
#589 = DIRECTION ( 'NONE',  ( 1.000000000000000000, 0.000000000000000000, 0.000000000000000000 ) ) ;
#590 = EDGE_CURVE ( 'NONE', #1630, #479, #1569, .T. ) ;
#591 = EDGE_CURVE ( 'NONE', #1080, #2224, #829, .T. ) ;
#592 = CARTESIAN_POINT ( 'NONE',  ( 8.364999999999998437, 0.000000000000000000, -14.59999999999999964 ) ) ;
#593 = EDGE_LOOP ( 'NONE', ( #1302, #330, #1643, #1843, #1009, #588, #1881, #841 ) ) ;
#594 = DIRECTION ( 'NONE',  ( 0.000000000000000000, 0.000000000000000000, 1.000000000000000000 ) ) ;
#595 = DIRECTION ( 'NONE',  ( 0.000000000000000000, -0.8660254037844288266, -0.5000000000000169864 ) ) ;
#596 = LINE ( 'NONE', #1533, #663 ) ;
#597 = EDGE_LOOP ( 'NONE', ( #1061, #2095, #1095, #970 ) ) ;
#598 = DIRECTION ( 'NONE',  ( 1.000000000000000000, 0.000000000000000000, 0.000000000000000000 ) ) ;
#599 = VERTEX_POINT ( 'NONE', #2153 ) ;
#600 =( NAMED_UNIT ( * ) PLANE_ANGLE_UNIT ( ) SI_UNIT ( $, .RADIAN. ) );
#601 = CARTESIAN_POINT ( 'NONE',  ( 4.150000000000000355, 8.139999999999998792, 0.000000000000000000 ) ) ;
#602 = ORIENTED_EDGE ( 'NONE', *, *, #1635, .F. ) ;
#603 = CARTESIAN_POINT ( 'NONE',  ( -7.865000000000000213, 0.2200000000000000011, -6.100000000000000533 ) ) ;
#604 = ADVANCED_FACE ( 'NONE', ( #1244 ), #1050, .T. ) ;
#605 = PLANE ( 'NONE',  #295 ) ;
#606 = LINE ( 'NONE', #838, #1113 ) ;
#607 = CARTESIAN_POINT ( 'NONE',  ( -8.364999999999998437, 0.2200000000000000011, -14.59999999999999964 ) ) ;
#608 = ORIENTED_EDGE ( 'NONE', *, *, #1867, .F. ) ;
#609 = CARTESIAN_POINT ( 'NONE',  ( 9.099999999999999645, 0.2200000000000000011, -20.60999999999999943 ) ) ;
#610 = VERTEX_POINT ( 'NONE', #2143 ) ;
#611 = CARTESIAN_POINT ( 'NONE',  ( -7.530000000000000249, 8.139999999999998792, 0.000000000000000000 ) ) ;
#612 = DIRECTION ( 'NONE',  ( 1.000000000000000000, 0.000000000000000000, 0.000000000000000000 ) ) ;
#613 = VECTOR ( 'NONE', #1373, 1000.000000000000000 ) ;
#614 = CARTESIAN_POINT ( 'NONE',  ( -7.865000000000000213, 0.2200000000000000011, -14.59999999999999964 ) ) ;
#615 = EDGE_LOOP ( 'NONE', ( #116, #75, #1103, #997 ) ) ;
#616 = DIRECTION ( 'NONE',  ( 0.000000000000000000, 1.000000000000000000, 0.000000000000000000 ) ) ;
#617 = UNCERTAINTY_MEASURE_WITH_UNIT (LENGTH_MEASURE( 1.000000000000000082E-05 ), #621, 'distance_accuracy_value', 'NONE');
#618 = ADVANCED_FACE ( 'NONE', ( #1583 ), #285, .F. ) ;
#619 = VECTOR ( 'NONE', #355, 1000.000000000000000 ) ;
#620 = LINE ( 'NONE', #804, #1350 ) ;
#621 =( LENGTH_UNIT ( ) NAMED_UNIT ( * ) SI_UNIT ( .MILLI., .METRE. ) );
#622 = DIRECTION ( 'NONE',  ( 0.000000000000000000, 0.000000000000000000, -1.000000000000000000 ) ) ;
#623 = VECTOR ( 'NONE', #416, 1000.000000000000000 ) ;
#624 = VECTOR ( 'NONE', #1192, 1000.000000000000000 ) ;
#625 = EDGE_CURVE ( 'NONE', #660, #835, #1409, .T. ) ;
#626 = ORIENTED_EDGE ( 'NONE', *, *, #1602, .F. ) ;
#627 = AXIS2_PLACEMENT_3D ( 'NONE', #523, #1116, #1863 ) ;
#628 = PLANE ( 'NONE',  #1158 ) ;
#629 = ORIENTED_EDGE ( 'NONE', *, *, #1377, .F. ) ;
#630 = AXIS2_PLACEMENT_3D ( 'NONE', #1589, #500, #324 ) ;
#631 = CARTESIAN_POINT ( 'NONE',  ( 0.000000000000000000, 8.139999999999998792, 3.000000000000000000 ) ) ;
#632 = ORIENTED_EDGE ( 'NONE', *, *, #744, .T. ) ;
#633 = LINE ( 'NONE', #2321, #265 ) ;
#634 = LINE ( 'NONE', #1582, #1152 ) ;
#635 = CYLINDRICAL_SURFACE ( 'NONE', #1538, 4.150000000000000355 ) ;
#636 = CARTESIAN_POINT ( 'NONE',  ( 6.806468129806999556, 13.55838799068000000, 0.000000000000000000 ) ) ;
#637 = VERTEX_POINT ( 'NONE', #2028 ) ;
#638 = ORIENTED_EDGE ( 'NONE', *, *, #1835, .T. ) ;
#639 = EDGE_CURVE ( 'NONE', #102, #2441, #2420, .T. ) ;
#640 = EDGE_CURVE ( 'NONE', #581, #2079, #932, .T. ) ;
#641 = PRESENTATION_STYLE_ASSIGNMENT (( #789 ) ) ;
#642 = DIRECTION ( 'NONE',  ( 1.000000000000000000, 0.000000000000000000, 0.000000000000000000 ) ) ;
#643 = DIRECTION ( 'NONE',  ( -0.000000000000000000, -0.000000000000000000, 1.000000000000000000 ) ) ;
#644 = VERTEX_POINT ( 'NONE', #742 ) ;
#645 = FACE_OUTER_BOUND ( 'NONE', #1956, .T. ) ;
#646 = DIRECTION ( 'NONE',  ( 0.000000000000000000, 0.000000000000000000, 1.000000000000000000 ) ) ;
#647 = CARTESIAN_POINT ( 'NONE',  ( 7.865000000000000213, 0.2200000000000000011, -14.59999999999999964 ) ) ;
#648 = VERTEX_POINT ( 'NONE', #1654 ) ;
#649 = VERTEX_POINT ( 'NONE', #1070 ) ;
#650 = EDGE_CURVE ( 'NONE', #2252, #610, #1992, .T. ) ;
#651 = CARTESIAN_POINT ( 'NONE',  ( -8.364999999999998437, 0.2200000000000000011, -18.80000000000000071 ) ) ;
#652 = FACE_OUTER_BOUND ( 'NONE', #1140, .T. ) ;
#653 = EDGE_CURVE ( 'NONE', #1666, #1833, #1798, .T. ) ;
#654 = PLANE ( 'NONE',  #2265 ) ;
#655 = ORIENTED_EDGE ( 'NONE', *, *, #2168, .T. ) ;
#656 = PLANE ( 'NONE',  #1036 ) ;
#657 = CARTESIAN_POINT ( 'NONE',  ( -7.865000000000000213, 0.000000000000000000, -18.80000000000000071 ) ) ;
#658 = CIRCLE ( 'NONE', #2214, 3.250000000000000444 ) ;
#659 = AXIS2_PLACEMENT_3D ( 'NONE', #1520, #1694, #1173 ) ;
#660 = VERTEX_POINT ( 'NONE', #181 ) ;
#661 = FILL_AREA_STYLE ('',( #840 ) ) ;
#662 = VERTEX_POINT ( 'NONE', #1671 ) ;
#663 = VECTOR ( 'NONE', #414, 1000.000000000000000 ) ;
#664 = AXIS2_PLACEMENT_3D ( 'NONE', #2361, #315, #1955 ) ;
#665 =( LENGTH_UNIT ( ) NAMED_UNIT ( * ) SI_UNIT ( .MILLI., .METRE. ) );
#666 = AXIS2_PLACEMENT_3D ( 'NONE', #393, #1131, #1877 ) ;
#667 = VECTOR ( 'NONE', #1179, 1000.000000000000000 ) ;
#668 = CARTESIAN_POINT ( 'NONE',  ( -10.92006769424999924, -3.449999999999999734, -4.000000000000000000 ) ) ;
#669 = EDGE_LOOP ( 'NONE', ( #2391, #2208, #1688, #1357 ) ) ;
#670 = DIRECTION ( 'NONE',  ( 1.000000000000000000, 0.000000000000000000, 0.000000000000000000 ) ) ;
#671 = ADVANCED_FACE ( 'NONE', ( #1438 ), #519, .F. ) ;
#672 = DIRECTION ( 'NONE',  ( 1.000000000000000000, 0.000000000000000000, 0.000000000000000000 ) ) ;
#673 = DIRECTION ( 'NONE',  ( 1.000000000000000000, 0.000000000000000000, 0.000000000000000000 ) ) ;
#674 = EDGE_LOOP ( 'NONE', ( #84, #1824, #257, #320 ) ) ;
#675 = DIRECTION ( 'NONE',  ( 0.000000000000000000, 0.000000000000000000, 1.000000000000000000 ) ) ;
#676 = CARTESIAN_POINT ( 'NONE',  ( 0.000000000000000000, 8.139999999999998792, -7.000000000000000000 ) ) ;
#677 = VERTEX_POINT ( 'NONE', #1253 ) ;
#678 = CARTESIAN_POINT ( 'NONE',  ( 0.000000000000000000, 8.139999999999998792, -10.00000000000000000 ) ) ;
#679 = LINE ( 'NONE', #1251, #1307 ) ;
#680 = EDGE_CURVE ( 'NONE', #1960, #515, #895, .T. ) ;
#681 = CARTESIAN_POINT ( 'NONE',  ( -7.865000000000000213, 0.000000000000000000, -3.449999999999999734 ) ) ;
#682 = LINE ( 'NONE', #115, #1355 ) ;
#683 = FACE_OUTER_BOUND ( 'NONE', #2159, .T. ) ;
#684 = VERTEX_POINT ( 'NONE', #2395 ) ;
#685 = FACE_OUTER_BOUND ( 'NONE', #1758, .T. ) ;
#686 = DIRECTION ( 'NONE',  ( 0.000000000000000000, 0.000000000000000000, -1.000000000000000000 ) ) ;
#687 = EDGE_CURVE ( 'NONE', #1946, #1294, #1858, .T. ) ;
#688 = AXIS2_PLACEMENT_3D ( 'NONE', #310, #868, #1993 ) ;
#689 = EDGE_LOOP ( 'NONE', ( #2387, #260, #1003, #368 ) ) ;
#690 = DIRECTION ( 'NONE',  ( 1.000000000000000000, 0.000000000000000000, 0.000000000000000000 ) ) ;
#691 = ADVANCED_FACE ( 'NONE', ( #358, #918 ), #1853, .T. ) ;
#692 = ORIENTED_EDGE ( 'NONE', *, *, #444, .T. ) ;
#693 = VECTOR ( 'NONE', #1277, 1000.000000000000000 ) ;
#694 = FACE_OUTER_BOUND ( 'NONE', #1051, .T. ) ;
#695 = DIRECTION ( 'NONE',  ( 0.000000000000000000, 0.000000000000000000, -1.000000000000000000 ) ) ;
#696 = AXIS2_PLACEMENT_3D ( 'NONE', #1368, #1031, #1540 ) ;
#697 = PLANE ( 'NONE',  #343 ) ;
#698 = VECTOR ( 'NONE', #45, 1000.000000000000000 ) ;
#699 = ORIENTED_EDGE ( 'NONE', *, *, #912, .F. ) ;
#700 = CARTESIAN_POINT ( 'NONE',  ( 7.865000000000000213, -3.449999999999999734, -4.549999999999999822 ) ) ;
#701 = PRESENTATION_LAYER_ASSIGNMENT (  '', '', ( #2308 ) ) ;
#702 = PLANE ( 'NONE',  #1305 ) ;
#703 = ORIENTED_EDGE ( 'NONE', *, *, #2110, .F. ) ;
#704 = CARTESIAN_POINT ( 'NONE',  ( -7.865000000000000213, 0.000000000000000000, -14.59999999999999964 ) ) ;
#705 = CARTESIAN_POINT ( 'NONE',  ( 7.865000000000000213, -3.449999999999999734, -16.15000000000000213 ) ) ;
#706 = DIRECTION ( 'NONE',  ( -2.220446049250312588E-16, 7.186092016189564840E-17, -1.000000000000000000 ) ) ;
#707 = ORIENTED_EDGE ( 'NONE', *, *, #2232, .T. ) ;
#708 = CARTESIAN_POINT ( 'NONE',  ( 8.364999999999998437, 0.000000000000000000, -18.80000000000000071 ) ) ;
#709 = EDGE_CURVE ( 'NONE', #2039, #999, #1541, .T. ) ;
#710 = ORIENTED_EDGE ( 'NONE', *, *, #2341, .F. ) ;
#711 = CARTESIAN_POINT ( 'NONE',  ( -8.364999999999998437, -3.449999999999999734, -4.549999999999999822 ) ) ;
#712 = DIRECTION ( 'NONE',  ( 0.000000000000000000, 0.000000000000000000, -1.000000000000000000 ) ) ;
#713 = ORIENTED_EDGE ( 'NONE', *, *, #625, .T. ) ;
#714 = DIRECTION ( 'NONE',  ( 0.000000000000000000, 0.000000000000000000, 1.000000000000000000 ) ) ;
#715 = UNCERTAINTY_MEASURE_WITH_UNIT (LENGTH_MEASURE( 1.000000000000000082E-05 ), #258, 'distance_accuracy_value', 'NONE');
#716 = VERTEX_POINT ( 'NONE', #726 ) ;
#717 = ORIENTED_EDGE ( 'NONE', *, *, #911, .T. ) ;
#718 =( NAMED_UNIT ( * ) SI_UNIT ( $, .STERADIAN. ) SOLID_ANGLE_UNIT ( ) );
#719 = EDGE_CURVE ( 'NONE', #2033, #10, #1473, .T. ) ;
#720 = PLANE ( 'NONE',  #1586 ) ;
#721 = ORIENTED_EDGE ( 'NONE', *, *, #2048, .T. ) ;
#722 = CARTESIAN_POINT ( 'NONE',  ( 9.099999999999999645, 8.139999999999998792, -20.60999999999999943 ) ) ;
#723 = LINE ( 'NONE', #1455, #2092 ) ;
#724 = CARTESIAN_POINT ( 'NONE',  ( -4.349999999999999645, 3.924999999999999822, -20.60999999999999943 ) ) ;
#725 = ORIENTED_EDGE ( 'NONE', *, *, #444, .F. ) ;
#726 = CARTESIAN_POINT ( 'NONE',  ( -3.250000000000000000, 8.139999999999998792, -20.60999999999999943 ) ) ;
#727 = EDGE_LOOP ( 'NONE', ( #1245, #1457, #1528, #801 ) ) ;
#728 = AXIS2_PLACEMENT_3D ( 'NONE', #1936, #837, #2311 ) ;
#729 = EDGE_LOOP ( 'NONE', ( #1178, #1999, #124, #1413 ) ) ;
#730 = DIRECTION ( 'NONE',  ( 0.000000000000000000, -1.000000000000000000, 0.000000000000000000 ) ) ;
#731 = AXIS2_PLACEMENT_3D ( 'NONE', #2012, #1614, #893 ) ;
#732 = VECTOR ( 'NONE', #915, 1000.000000000000000 ) ;
#733 = CYLINDRICAL_SURFACE ( 'NONE', #666, 5.700000000000000178 ) ;
#734 = VERTEX_POINT ( 'NONE', #369 ) ;
#735 = DIRECTION ( 'NONE',  ( 1.000000000000000000, 0.000000000000000000, -0.000000000000000000 ) ) ;
#736 = VECTOR ( 'NONE', #797, 1000.000000000000000 ) ;
#737 = VECTOR ( 'NONE', #586, 1000.000000000000000 ) ;
#738 = VECTOR ( 'NONE', #1079, 1000.000000000000000 ) ;
#739 = CARTESIAN_POINT ( 'NONE',  ( -7.865000000000000213, 0.000000000000000000, -6.100000000000000533 ) ) ;
#740 = FACE_OUTER_BOUND ( 'NONE', #1523, .T. ) ;
#741 = ORIENTED_EDGE ( 'NONE', *, *, #2140, .F. ) ;
#742 = CARTESIAN_POINT ( 'NONE',  ( 7.865000000000000213, 0.000000000000000000, -6.100000000000000533 ) ) ;
#743 = EDGE_CURVE ( 'NONE', #649, #1616, #1903, .T. ) ;
#744 = EDGE_CURVE ( 'NONE', #734, #10, #1145, .T. ) ;
#745 = UNCERTAINTY_MEASURE_WITH_UNIT (LENGTH_MEASURE( 1.000000000000000082E-05 ), #1564, 'distance_accuracy_value', 'NONE');
#746 = VECTOR ( 'NONE', #1678, 1000.000000000000000 ) ;
#747 = CARTESIAN_POINT ( 'NONE',  ( 0.000000000000000000, 8.139999999999998792, -10.00000000000000000 ) ) ;
#748 = LINE ( 'NONE', #2042, #2130 ) ;
#749 = ORIENTED_EDGE ( 'NONE', *, *, #653, .T. ) ;
#750 = DIRECTION ( 'NONE',  ( 0.000000000000000000, -1.000000000000000000, 0.000000000000000000 ) ) ;
#751 = ORIENTED_EDGE ( 'NONE', *, *, #2000, .T. ) ;
#752 = LINE ( 'NONE', #790, #2178 ) ;
#753 = DIRECTION ( 'NONE',  ( 0.000000000000000000, 0.000000000000000000, 1.000000000000000000 ) ) ;
#754 = DIRECTION ( 'NONE',  ( -1.000000000000000000, 0.000000000000000000, 0.000000000000000000 ) ) ;
#755 = VERTEX_POINT ( 'NONE', #1136 ) ;
#756 = EDGE_CURVE ( 'NONE', #1623, #2362, #2080, .T. ) ;
#757 = DIRECTION ( 'NONE',  ( 1.000000000000000000, 0.000000000000000000, 0.000000000000000000 ) ) ;
#758 = ADVANCED_FACE ( 'NONE', ( #4 ), #1332, .F. ) ;
#759 = ORIENTED_EDGE ( 'NONE', *, *, #912, .T. ) ;
#760 = CARTESIAN_POINT ( 'NONE',  ( 8.364999999999998437, 0.000000000000000000, -1.899999999999999911 ) ) ;
#761 = CARTESIAN_POINT ( 'NONE',  ( -4.150000000000000355, 8.139999999999998792, 0.000000000000000000 ) ) ;
#762 = EDGE_LOOP ( 'NONE', ( #2044, #894, #138, #1870, #1733, #1243, #154, #608 ) ) ;
#763 = DIRECTION ( 'NONE',  ( 0.000000000000000000, 0.000000000000000000, 1.000000000000000000 ) ) ;
#764 = LINE ( 'NONE', #834, #1663 ) ;
#765 = VERTEX_POINT ( 'NONE', #812 ) ;
#766 = CARTESIAN_POINT ( 'NONE',  ( 7.865000000000000213, 0.000000000000000000, -3.449999999999999734 ) ) ;
#767 = CARTESIAN_POINT ( 'NONE',  ( -10.92006769424999924, 0.000000000000000000, -4.549999999999999822 ) ) ;
#768 = LINE ( 'NONE', #2116, #2416 ) ;
#769 = EDGE_LOOP ( 'NONE', ( #292, #1519, #2212, #1963 ) ) ;
#770 = EDGE_CURVE ( 'NONE', #648, #351, #1358, .T. ) ;
#771 = VECTOR ( 'NONE', #595, 1000.000000000000114 ) ;
#772 = AXIS2_PLACEMENT_3D ( 'NONE', #208, #753, #1705 ) ;
#773 = DIRECTION ( 'NONE',  ( -1.000000000000000000, 0.000000000000000000, 0.000000000000000000 ) ) ;
#774 = CYLINDRICAL_SURFACE ( 'NONE', #1662, 3.250000000000000000 ) ;
#775 = AXIS2_PLACEMENT_3D ( 'NONE', #251, #2257, #1882 ) ;
#776 = DIRECTION ( 'NONE',  ( 1.000000000000000000, 0.000000000000000000, 0.000000000000000000 ) ) ;
#777 = DIRECTION ( 'NONE',  ( 0.000000000000000000, 0.000000000000000000, 1.000000000000000000 ) ) ;
#778 = ORIENTED_EDGE ( 'NONE', *, *, #1376, .F. ) ;
#779 = DIRECTION ( 'NONE',  ( 1.000000000000000000, 0.000000000000000000, 0.000000000000000000 ) ) ;
#780 = VECTOR ( 'NONE', #622, 1000.000000000000000 ) ;
#781 = DIRECTION ( 'NONE',  ( -0.000000000000000000, 1.000000000000000000, 0.000000000000000000 ) ) ;
#782 = DIRECTION ( 'NONE',  ( 1.000000000000000000, 0.000000000000000000, 0.000000000000000000 ) ) ;
#783 = AXIS2_PLACEMENT_3D ( 'NONE', #2290, #1142, #1351 ) ;
#784 = DIRECTION ( 'NONE',  ( 0.000000000000000000, 0.000000000000000000, -1.000000000000000000 ) ) ;
#785 = ORIENTED_EDGE ( 'NONE', *, *, #590, .F. ) ;
#786 = LINE ( 'NONE', #1514, #623 ) ;
#787 = VERTEX_POINT ( 'NONE', #1894 ) ;
#788 = EDGE_CURVE ( 'NONE', #1144, #2441, #1529, .T. ) ;
#789 = SURFACE_STYLE_USAGE ( .BOTH. , #1930 ) ;
#790 = CARTESIAN_POINT ( 'NONE',  ( -8.364999999999998437, 0.000000000000000000, -6.100000000000000533 ) ) ;
#791 = DIRECTION ( 'NONE',  ( 0.000000000000000000, -1.000000000000000000, 0.000000000000000000 ) ) ;
#792 = VERTEX_POINT ( 'NONE', #1126 ) ;
#793 = DIRECTION ( 'NONE',  ( 1.000000000000000000, 0.000000000000000000, 0.000000000000000000 ) ) ;
#794 = CARTESIAN_POINT ( 'NONE',  ( 7.799999999999999822, 12.72000000000000064, 0.000000000000000000 ) ) ;
#795 = LINE ( 'NONE', #404, #2425 ) ;
#796 = ORIENTED_EDGE ( 'NONE', *, *, #1377, .T. ) ;
#797 = DIRECTION ( 'NONE',  ( 0.000000000000000000, 0.000000000000000000, -1.000000000000000000 ) ) ;
#798 = CARTESIAN_POINT ( 'NONE',  ( 7.865000000000000213, 0.2200000000000000011, -6.100000000000000533 ) ) ;
#799 = CYLINDRICAL_SURFACE ( 'NONE', #1119, 4.150000000000000355 ) ;
#800 = ADVANCED_FACE ( 'NONE', ( #1684 ), #2104, .T. ) ;
#801 = ORIENTED_EDGE ( 'NONE', *, *, #1363, .F. ) ;
#802 = CARTESIAN_POINT ( 'NONE',  ( -7.865000000000000213, 0.000000000000000000, -1.899999999999999911 ) ) ;
#803 = EDGE_CURVE ( 'NONE', #1780, #1080, #1321, .T. ) ;
#804 = CARTESIAN_POINT ( 'NONE',  ( 9.099999999999999645, 0.2200000000000000011, 0.000000000000000000 ) ) ;
#805 = DIRECTION ( 'NONE',  ( 1.000000000000000000, 0.000000000000000000, 0.000000000000000000 ) ) ;
#806 = ORIENTED_EDGE ( 'NONE', *, *, #1120, .T. ) ;
#807 = FACE_OUTER_BOUND ( 'NONE', #674, .T. ) ;
#808 = EDGE_LOOP ( 'NONE', ( #993, #1290, #70, #2301 ) ) ;
#809 = DIRECTION ( 'NONE',  ( 0.000000000000000000, 0.000000000000000000, -1.000000000000000000 ) ) ;
#810 = AXIS2_PLACEMENT_3D ( 'NONE', #82, #1719, #475 ) ;
#811 = ORIENTED_EDGE ( 'NONE', *, *, #1602, .T. ) ;
#812 = CARTESIAN_POINT ( 'NONE',  ( 8.364999999999998437, 0.000000000000000000, -17.25000000000000000 ) ) ;
#813 =( GEOMETRIC_REPRESENTATION_CONTEXT ( 3 ) GLOBAL_UNCERTAINTY_ASSIGNED_CONTEXT ( ( #424 ) ) GLOBAL_UNIT_ASSIGNED_CONTEXT ( ( #1817, #242, #1164 ) ) REPRESENTATION_CONTEXT ( 'NONE', 'WORKASPACE' ) );
#814 = VECTOR ( 'NONE', #283, 1000.000000000000000 ) ;
#815 = DIRECTION ( 'NONE',  ( 0.000000000000000000, -1.000000000000000000, 0.000000000000000000 ) ) ;
#816 = EDGE_CURVE ( 'NONE', #1923, #2362, #197, .T. ) ;
#817 = EDGE_CURVE ( 'NONE', #2079, #2154, #1924, .T. ) ;
#818 = CARTESIAN_POINT ( 'NONE',  ( -7.865000000000000213, 0.2200000000000000011, -18.80000000000000071 ) ) ;
#819 = CIRCLE ( 'NONE', #1581, 4.150000000000000355 ) ;
#820 = VERTEX_POINT ( 'NONE', #2282 ) ;
#821 = VECTOR ( 'NONE', #1710, 1000.000000000000000 ) ;
#822 = DIRECTION ( 'NONE',  ( -0.000000000000000000, -0.000000000000000000, 1.000000000000000000 ) ) ;
#823 = ORIENTED_EDGE ( 'NONE', *, *, #992, .T. ) ;
#824 = FACE_OUTER_BOUND ( 'NONE', #2053, .T. ) ;
#825 = DIRECTION ( 'NONE',  ( 1.000000000000000000, 0.000000000000000000, 0.000000000000000000 ) ) ;
#826 = VERTEX_POINT ( 'NONE', #422 ) ;
#827 = DIRECTION ( 'NONE',  ( 0.000000000000000000, 0.000000000000000000, 1.000000000000000000 ) ) ;
#828 = FACE_OUTER_BOUND ( 'NONE', #1791, .T. ) ;
#829 = LINE ( 'NONE', #461, #1737 ) ;
#830 = ADVANCED_FACE ( 'NONE', ( #2294 ), #436, .T. ) ;
#831 = ORIENTED_EDGE ( 'NONE', *, *, #2168, .F. ) ;
#832 = EDGE_LOOP ( 'NONE', ( #127, #189, #1435, #1452 ) ) ;
#833 = LINE ( 'NONE', #2318, #885 ) ;
#834 = CARTESIAN_POINT ( 'NONE',  ( 7.865000000000000213, -3.449999999999999734, -3.449999999999999734 ) ) ;
#835 = VERTEX_POINT ( 'NONE', #971 ) ;
#836 = LINE ( 'NONE', #1567, #1461 ) ;
#837 = DIRECTION ( 'NONE',  ( 0.000000000000000000, 0.000000000000000000, 1.000000000000000000 ) ) ;
#838 = CARTESIAN_POINT ( 'NONE',  ( -4.349999999999999645, 12.35500000000000043, -20.60999999999999943 ) ) ;
#839 = ORIENTED_EDGE ( 'NONE', *, *, #1635, .T. ) ;
#840 = FILL_AREA_STYLE_COLOUR ( '', #1394 ) ;
#841 = ORIENTED_EDGE ( 'NONE', *, *, #1068, .F. ) ;
#842 = LINE ( 'NONE', #651, #1275 ) ;
#843 = ADVANCED_FACE ( 'NONE', ( #16 ), #1726, .T. ) ;
#844 = CARTESIAN_POINT ( 'NONE',  ( 0.000000000000000000, 8.139999999999998792, -10.00000000000000000 ) ) ;
#845 = CARTESIAN_POINT ( 'NONE',  ( -8.364999999999998437, 0.000000000000000000, -6.100000000000000533 ) ) ;
#846 = VERTEX_POINT ( 'NONE', #994 ) ;
#847 = CYLINDRICAL_SURFACE ( 'NONE', #1615, 5.700000000000000178 ) ;
#848 = AXIS2_PLACEMENT_3D ( 'NONE', #2244, #402, #1323 ) ;
#849 = PLANE ( 'NONE',  #2007 ) ;
#850 = AXIS2_PLACEMENT_3D ( 'NONE', #2363, #149, #735 ) ;
#851 = ORIENTED_EDGE ( 'NONE', *, *, #58, .F. ) ;
#852 = CIRCLE ( 'NONE', #2263, 5.700000000000000178 ) ;
#853 = AXIS2_PLACEMENT_3D ( 'NONE', #1362, #2275, #1914 ) ;
#854 = EDGE_CURVE ( 'NONE', #417, #1195, #1708, .T. ) ;
#855 = CARTESIAN_POINT ( 'NONE',  ( 7.865000000000000213, 0.000000000000000000, -17.25000000000000000 ) ) ;
#856 = ORIENTED_EDGE ( 'NONE', *, *, #1747, .F. ) ;
#857 = PLANE ( 'NONE',  #1700 ) ;
#858 = CARTESIAN_POINT ( 'NONE',  ( 0.000000000000000000, 8.139999999999998792, -10.00000000000000000 ) ) ;
#859 = ORIENTED_EDGE ( 'NONE', *, *, #1647, .F. ) ;
#860 = DIRECTION ( 'NONE',  ( 0.000000000000000000, 0.000000000000000000, -1.000000000000000000 ) ) ;
#861 = LINE ( 'NONE', #2189, #1905 ) ;
#862 = ORIENTED_EDGE ( 'NONE', *, *, #2357, .F. ) ;
#863 = CARTESIAN_POINT ( 'NONE',  ( -8.364999999999998437, 0.2200000000000000011, -1.899999999999999911 ) ) ;
#864 = EDGE_CURVE ( 'NONE', #1570, #168, #47, .T. ) ;
#865 = CARTESIAN_POINT ( 'NONE',  ( -10.92006769424999924, 0.000000000000000000, -4.549999999999999822 ) ) ;
#866 = EDGE_CURVE ( 'NONE', #417, #62, #1909, .T. ) ;
#867 = EDGE_CURVE ( 'NONE', #2227, #765, #57, .T. ) ;
#868 = DIRECTION ( 'NONE',  ( 0.000000000000000000, 0.000000000000000000, 1.000000000000000000 ) ) ;
#869 = DIRECTION ( 'NONE',  ( -0.000000000000000000, 1.000000000000000000, 0.000000000000000000 ) ) ;
#870 = VERTEX_POINT ( 'NONE', #385 ) ;
#871 = PRESENTATION_STYLE_ASSIGNMENT (( #1968 ) ) ;
#872 = CARTESIAN_POINT ( 'NONE',  ( -5.700000000000000178, 8.139999999999998792, -7.000000000000000000 ) ) ;
#873 = ORIENTED_EDGE ( 'NONE', *, *, #1573, .T. ) ;
#874 = DIRECTION ( 'NONE',  ( 1.000000000000000000, 0.000000000000000000, 0.000000000000000000 ) ) ;
#875 = FACE_OUTER_BOUND ( 'NONE', #938, .T. ) ;
#876 = EDGE_LOOP ( 'NONE', ( #1385, #1534 ) ) ;
#877 = AXIS2_PLACEMENT_3D ( 'NONE', #794, #1658, #934 ) ;
#878 = EDGE_CURVE ( 'NONE', #734, #531, #2177, .T. ) ;
#879 = VECTOR ( 'NONE', #164, 1000.000000000000000 ) ;
#880 = ORIENTED_EDGE ( 'NONE', *, *, #170, .F. ) ;
#881 = CARTESIAN_POINT ( 'NONE',  ( 0.000000000000000000, 0.000000000000000000, 0.000000000000000000 ) ) ;
#882 = AXIS2_PLACEMENT_3D ( 'NONE', #1794, #120, #874 ) ;
#883 = ORIENTED_EDGE ( 'NONE', *, *, #1220, .T. ) ;
#884 = AXIS2_PLACEMENT_3D ( 'NONE', #311, #1052, #1022 ) ;
#885 = VECTOR ( 'NONE', #1379, 1000.000000000000000 ) ;
#886 = DIRECTION ( 'NONE',  ( 1.000000000000000000, 0.000000000000000000, 0.000000000000000000 ) ) ;
#887 = CARTESIAN_POINT ( 'NONE',  ( 0.000000000000000000, 8.139999999999998792, -7.000000000000000000 ) ) ;
#888 = VECTOR ( 'NONE', #643, 1000.000000000000000 ) ;
#889 = PLANE ( 'NONE',  #664 ) ;
#890 = VECTOR ( 'NONE', #1456, 1000.000000000000000 ) ;
#891 = ORIENTED_EDGE ( 'NONE', *, *, #639, .T. ) ;
#892 = CONICAL_SURFACE ( 'NONE', #2268, 1.624999999999999778, 1.047197551196400456 ) ;
#893 = DIRECTION ( 'NONE',  ( 1.000000000000000000, 0.000000000000000000, 0.000000000000000000 ) ) ;
#894 = ORIENTED_EDGE ( 'NONE', *, *, #2169, .T. ) ;
#895 = LINE ( 'NONE', #1631, #1740 ) ;
#896 = EDGE_LOOP ( 'NONE', ( #2197, #1342, #1802, #1750 ) ) ;
#897 = EDGE_CURVE ( 'NONE', #482, #1641, #1034, .T. ) ;
#898 = ORIENTED_EDGE ( 'NONE', *, *, #2390, .T. ) ;
#899 = FACE_OUTER_BOUND ( 'NONE', #354, .T. ) ;
#900 = EDGE_CURVE ( 'NONE', #168, #373, #633, .T. ) ;
#901 = DIRECTION ( 'NONE',  ( 0.000000000000000000, 1.025063872168112953E-14, 1.000000000000000000 ) ) ;
#902 = ORIENTED_EDGE ( 'NONE', *, *, #591, .F. ) ;
#903 = DIRECTION ( 'NONE',  ( 1.000000000000000000, 0.000000000000000000, 0.000000000000000000 ) ) ;
#904 = DIRECTION ( 'NONE',  ( -0.000000000000000000, -0.000000000000000000, 1.000000000000000000 ) ) ;
#905 = CARTESIAN_POINT ( 'NONE',  ( 8.364999999999998437, 0.2200000000000000011, -18.80000000000000071 ) ) ;
#906 = ORIENTED_EDGE ( 'NONE', *, *, #1577, .T. ) ;
#907 = CARTESIAN_POINT ( 'NONE',  ( -7.865000000000000213, 0.2200000000000000011, -6.100000000000000533 ) ) ;
#908 = ORIENTED_EDGE ( 'NONE', *, *, #1621, .T. ) ;
#909 = ORIENTED_EDGE ( 'NONE', *, *, #1475, .F. ) ;
#910 = PLANE ( 'NONE',  #188 ) ;
#911 = EDGE_CURVE ( 'NONE', #1875, #581, #473, .T. ) ;
#912 = EDGE_CURVE ( 'NONE', #1923, #1256, #1186, .T. ) ;
#913 = DIRECTION ( 'NONE',  ( 1.000000000000000000, 0.000000000000000000, 0.000000000000000000 ) ) ;
#914 = ORIENTED_EDGE ( 'NONE', *, *, #1045, .T. ) ;
#915 = DIRECTION ( 'NONE',  ( -1.000000000000000000, 0.000000000000000000, 0.000000000000000000 ) ) ;
#916 = FACE_OUTER_BOUND ( 'NONE', #2005, .T. ) ;
#917 = VERTEX_POINT ( 'NONE', #1406 ) ;
#918 = FACE_OUTER_BOUND ( 'NONE', #463, .T. ) ;
#919 = DIRECTION ( 'NONE',  ( 1.000000000000000000, 0.000000000000000000, 0.000000000000000000 ) ) ;
#920 = CLOSED_SHELL ( 'NONE', ( #1265, #262, #843, #1169, #800, #301, #928, #314, #1919, #1312 ) ) ;
#921 = EDGE_LOOP ( 'NONE', ( #1787, #1028 ) ) ;
#922 = CARTESIAN_POINT ( 'NONE',  ( -7.865000000000000213, 0.000000000000000000, -17.25000000000000000 ) ) ;
#923 = AXIS2_PLACEMENT_3D ( 'NONE', #2003, #1447, #2206 ) ;
#924 = DIRECTION ( 'NONE',  ( 0.000000000000000000, -1.000000000000000000, 0.000000000000000000 ) ) ;
#925 = ORIENTED_EDGE ( 'NONE', *, *, #2280, .T. ) ;
#926 = CARTESIAN_POINT ( 'NONE',  ( 9.099999999999999645, 8.139999999999998792, 0.000000000000000000 ) ) ;
#927 = AXIS2_PLACEMENT_3D ( 'NONE', #2261, #2373, #6 ) ;
#928 = ADVANCED_FACE ( 'NONE', ( #1392 ), #1196, .F. ) ;
#929 = VECTOR ( 'NONE', #773, 1000.000000000000000 ) ;
#930 = PLANE ( 'NONE',  #2181 ) ;
#931 = ORIENTED_EDGE ( 'NONE', *, *, #1443, .T. ) ;
#932 = LINE ( 'NONE', #704, #1940 ) ;
#933 = ADVANCED_FACE ( 'NONE', ( #1744 ), #857, .T. ) ;
#934 = DIRECTION ( 'NONE',  ( 1.000000000000000000, 0.000000000000000000, 0.000000000000000000 ) ) ;
#935 = DIRECTION ( 'NONE',  ( 0.000000000000000000, 0.000000000000000000, 1.000000000000000000 ) ) ;
#936 = DIRECTION ( 'NONE',  ( 0.000000000000000000, 1.000000000000000000, 0.000000000000000000 ) ) ;
#937 = CARTESIAN_POINT ( 'NONE',  ( -8.364999999999998437, -3.449999999999999734, -16.15000000000000213 ) ) ;
#938 = EDGE_LOOP ( 'NONE', ( #2230, #1628, #1338, #2083 ) ) ;
#939 = CARTESIAN_POINT ( 'NONE',  ( 9.099999999999999645, 12.72000000000000064, 0.000000000000000000 ) ) ;
#940 = DIRECTION ( 'NONE',  ( 1.000000000000000000, 0.000000000000000000, 0.000000000000000000 ) ) ;
#941 = ORIENTED_EDGE ( 'NONE', *, *, #1563, .T. ) ;
#942 = PLANE ( 'NONE',  #1463 ) ;
#943 = CARTESIAN_POINT ( 'NONE',  ( 0.000000000000000000, 8.139999999999998792, -10.00000000000000000 ) ) ;
#944 = EDGE_CURVE ( 'NONE', #1069, #1830, #483, .T. ) ;
#945 = ORIENTED_EDGE ( 'NONE', *, *, #1799, .F. ) ;
#946 = DIRECTION ( 'NONE',  ( 0.000000000000000000, -1.000000000000000000, 0.000000000000000000 ) ) ;
#947 = DIRECTION ( 'NONE',  ( 0.000000000000000000, 0.000000000000000000, 1.000000000000000000 ) ) ;
#948 = ADVANCED_FACE ( 'NONE', ( #110 ), #1218, .F. ) ;
#949 = DIRECTION ( 'NONE',  ( 0.000000000000000000, 0.000000000000000000, 1.000000000000000000 ) ) ;
#950 = ORIENTED_EDGE ( 'NONE', *, *, #2314, .T. ) ;
#951 = PRODUCT_DEFINITION_SHAPE ( 'NONE', 'NONE',  #2445 ) ;
#952 = ORIENTED_EDGE ( 'NONE', *, *, #234, .F. ) ;
#953 = DIRECTION ( 'NONE',  ( 0.000000000000000000, -1.000000000000000000, 0.000000000000000000 ) ) ;
#954 = CARTESIAN_POINT ( 'NONE',  ( 0.000000000000000000, 8.139999999999998792, -7.000000000000000000 ) ) ;
#955 = ORIENTED_EDGE ( 'NONE', *, *, #1986, .F. ) ;
#956 = DIRECTION ( 'NONE',  ( 0.000000000000000000, 0.000000000000000000, -1.000000000000000000 ) ) ;
#957 = UNCERTAINTY_MEASURE_WITH_UNIT (LENGTH_MEASURE( 1.000000000000000082E-05 ), #1562, 'distance_accuracy_value', 'NONE');
#958 = CARTESIAN_POINT ( 'NONE',  ( 7.799999999999999822, 12.72000000000000064, -20.60999999999999943 ) ) ;
#959 = CARTESIAN_POINT ( 'NONE',  ( 7.865000000000000213, 0.000000000000000000, -14.59999999999999964 ) ) ;
#960 = DIRECTION ( 'NONE',  ( 0.000000000000000000, 0.000000000000000000, 1.000000000000000000 ) ) ;
#961 = ADVANCED_FACE ( 'NONE', ( #293 ), #1371, .F. ) ;
#962 = ORIENTED_EDGE ( 'NONE', *, *, #2249, .T. ) ;
#963 = CARTESIAN_POINT ( 'NONE',  ( 7.865000000000000213, 0.2200000000000000011, -6.100000000000000533 ) ) ;
#964 = PRESENTATION_LAYER_ASSIGNMENT (  '', '', ( #1698 ) ) ;
#965 = CARTESIAN_POINT ( 'NONE',  ( -8.364999999999998437, -3.449999999999999734, -3.449999999999999734 ) ) ;
#966 = AXIS2_PLACEMENT_3D ( 'NONE', #2024, #1838, #341 ) ;
#967 = CARTESIAN_POINT ( 'NONE',  ( -7.530000000000000249, 8.139999999999998792, -20.60999999999999943 ) ) ;
#968 = PRESENTATION_LAYER_ASSIGNMENT (  '', '', ( #1278 ) ) ;
#969 = AXIS2_PLACEMENT_3D ( 'NONE', #1493, #1133, #953 ) ;
#970 = ORIENTED_EDGE ( 'NONE', *, *, #770, .F. ) ;
#971 = CARTESIAN_POINT ( 'NONE',  ( 7.865000000000000213, 0.2200000000000000011, -14.59999999999999964 ) ) ;
#972 = AXIS2_PLACEMENT_3D ( 'NONE', #1470, #579, #2078 ) ;
#973 = LINE ( 'NONE', #1709, #1110 ) ;
#974 = COLOUR_RGB ( '',0.7960784313725489669, 0.8235294117647058432, 0.9372549019607843146 ) ;
#975 = LINE ( 'NONE', #1522, #821 ) ;
#976 = VERTEX_POINT ( 'NONE', #2359 ) ;
#977 = ORIENTED_EDGE ( 'NONE', *, *, #1281, .T. ) ;
#978 = CARTESIAN_POINT ( 'NONE',  ( 8.300000000000000711, 8.139999999999998792, -20.60999999999999943 ) ) ;
#979 = ORIENTED_EDGE ( 'NONE', *, *, #864, .T. ) ;
#980 = EDGE_CURVE ( 'NONE', #644, #1670, #103, .T. ) ;
#981 = EDGE_CURVE ( 'NONE', #1160, #1185, #836, .T. ) ;
#982 = LINE ( 'NONE', #1681, #580 ) ;
#983 = VERTEX_POINT ( 'NONE', #1964 ) ;
#984 = DIRECTION ( 'NONE',  ( 0.000000000000000000, -1.000000000000000000, 0.000000000000000000 ) ) ;
#985 = DIRECTION ( 'NONE',  ( 0.000000000000000000, 0.000000000000000000, 1.000000000000000000 ) ) ;
#986 = FILL_AREA_STYLE_COLOUR ( '', #1459 ) ;
#987 = CARTESIAN_POINT ( 'NONE',  ( 7.865000000000000213, 0.2200000000000000011, -18.80000000000000071 ) ) ;
#988 = EDGE_LOOP ( 'NONE', ( #839, #1951 ) ) ;
#989 = EDGE_LOOP ( 'NONE', ( #759, #811, #1441, #1790, #365, #1489, #1364, #1983 ) ) ;
#990 = DIRECTION ( 'NONE',  ( 0.000000000000000000, 0.000000000000000000, -1.000000000000000000 ) ) ;
#991 = PLANE ( 'NONE',  #1008 ) ;
#992 = EDGE_CURVE ( 'NONE', #1604, #1812, #1774, .T. ) ;
#993 = ORIENTED_EDGE ( 'NONE', *, *, #1236, .T. ) ;
#994 = CARTESIAN_POINT ( 'NONE',  ( 5.700000000000000178, 8.139999999999998792, -7.000000000000000000 ) ) ;
#995 = PLANE ( 'NONE',  #1655 ) ;
#996 = LINE ( 'NONE', #1897, #68 ) ;
#997 = ORIENTED_EDGE ( 'NONE', *, *, #1759, .F. ) ;
#998 = DIRECTION ( 'NONE',  ( 0.000000000000000000, 0.000000000000000000, 1.000000000000000000 ) ) ;
#999 = VERTEX_POINT ( 'NONE', #2125 ) ;
#1000 = AXIS2_PLACEMENT_3D ( 'NONE', #1778, #686, #112 ) ;
#1001 = FACE_OUTER_BOUND ( 'NONE', #1717, .T. ) ;
#1002 = CLOSED_SHELL ( 'NONE', ( #2200, #604, #44, #961, #1650, #1501, #233, #198, #1487, #1987 ) ) ;
#1003 = ORIENTED_EDGE ( 'NONE', *, *, #175, .F. ) ;
#1004 = DIRECTION ( 'NONE',  ( 0.000000000000000000, 0.000000000000000000, 1.000000000000000000 ) ) ;
#1005 = VECTOR ( 'NONE', #409, 1000.000000000000000 ) ;
#1006 = AXIS2_PLACEMENT_3D ( 'NONE', #1104, #2176, #328 ) ;
#1007 = CYLINDRICAL_SURFACE ( 'NONE', #728, 3.250000000000000000 ) ;
#1008 = AXIS2_PLACEMENT_3D ( 'NONE', #1961, #290, #1206 ) ;
#1009 = ORIENTED_EDGE ( 'NONE', *, *, #2232, .F. ) ;
#1010 = CONICAL_SURFACE ( 'NONE', #1546, 1.624999999999999778, 1.047197551196400456 ) ;
#1011 = ORIENTED_EDGE ( 'NONE', *, *, #1729, .F. ) ;
#1012 = COLOUR_RGB ( '',0.7960784313725489669, 0.8235294117647058432, 0.9372549019607843146 ) ;
#1013 = FILL_AREA_STYLE_COLOUR ( '', #1012 ) ;
#1014 = DIRECTION ( 'NONE',  ( 0.000000000000000000, -1.000000000000000000, 0.000000000000000000 ) ) ;
#1015 = CARTESIAN_POINT ( 'NONE',  ( -5.700000000000000178, 8.139999999999998792, -7.000000000000000000 ) ) ;
#1016 = ORIENTED_EDGE ( 'NONE', *, *, #1759, .T. ) ;
#1017 = DIRECTION ( 'NONE',  ( 1.000000000000000000, 0.000000000000000000, 0.000000000000000000 ) ) ;
#1018 = FACE_OUTER_BOUND ( 'NONE', #551, .T. ) ;
#1019 = EDGE_CURVE ( 'NONE', #2036, #2103, #2139, .T. ) ;
#1020 = ADVANCED_FACE ( 'NONE', ( #1591, #71 ), #656, .T. ) ;
#1021 = ORIENTED_EDGE ( 'NONE', *, *, #100, .F. ) ;
#1022 = DIRECTION ( 'NONE',  ( 1.000000000000000000, 0.000000000000000000, 0.000000000000000000 ) ) ;
#1023 = ORIENTED_EDGE ( 'NONE', *, *, #1044, .F. ) ;
#1024 = DIRECTION ( 'NONE',  ( 0.9843214110730053035, -0.1763841254287010774, 0.000000000000000000 ) ) ;
#1025 = ORIENTED_EDGE ( 'NONE', *, *, #897, .F. ) ;
#1026 = CARTESIAN_POINT ( 'NONE',  ( 7.865000000000000213, 0.2200000000000000011, -18.80000000000000071 ) ) ;
#1027 = DIRECTION ( 'NONE',  ( -0.000000000000000000, 1.000000000000000000, 0.000000000000000000 ) ) ;
#1028 = ORIENTED_EDGE ( 'NONE', *, *, #2122, .T. ) ;
#1029 = LINE ( 'NONE', #267, #1270 ) ;
#1030 = ADVANCED_FACE ( 'NONE', ( #645 ), #847, .F. ) ;
#1031 = DIRECTION ( 'NONE',  ( 1.000000000000000000, 0.000000000000000000, 0.000000000000000000 ) ) ;
#1032 = LINE ( 'NONE', #855, #431 ) ;
#1033 = ORIENTED_EDGE ( 'NONE', *, *, #1471, .T. ) ;
#1034 = LINE ( 'NONE', #1227, #499 ) ;
#1035 = CARTESIAN_POINT ( 'NONE',  ( -4.349999999999999645, 12.35500000000000043, -23.52999999999999758 ) ) ;
#1036 = AXIS2_PLACEMENT_3D ( 'NONE', #678, #827, #1763 ) ;
#1037 = VERTEX_POINT ( 'NONE', #926 ) ;
#1038 = FACE_OUTER_BOUND ( 'NONE', #1208, .T. ) ;
#1039 = CIRCLE ( 'NONE', #501, 4.150000000000000355 ) ;
#1040 = VECTOR ( 'NONE', #2059, 1000.000000000000000 ) ;
#1041 = VECTOR ( 'NONE', #1664, 1000.000000000000000 ) ;
#1042 = EDGE_CURVE ( 'NONE', #415, #677, #225, .T. ) ;
#1043 = LINE ( 'NONE', #1498, #2135 ) ;
#1044 = EDGE_CURVE ( 'NONE', #716, #282, #1426, .T. ) ;
#1045 = EDGE_CURVE ( 'NONE', #999, #2022, #2401, .T. ) ;
#1046 = CYLINDRICAL_SURFACE ( 'NONE', #2021, 0.5500000000000001554 ) ;
#1047 = ORIENTED_EDGE ( 'NONE', *, *, #1045, .F. ) ;
#1048 = CARTESIAN_POINT ( 'NONE',  ( -7.865000000000000213, 0.2200000000000000011, -14.59999999999999964 ) ) ;
#1049 = DIRECTION ( 'NONE',  ( 0.000000000000000000, 0.000000000000000000, 1.000000000000000000 ) ) ;
#1050 = PLANE ( 'NONE',  #1613 ) ;
#1051 = EDGE_LOOP ( 'NONE', ( #1427, #1287, #902, #2144 ) ) ;
#1052 = DIRECTION ( 'NONE',  ( 0.000000000000000000, 0.000000000000000000, 1.000000000000000000 ) ) ;
#1053 = ORIENTED_EDGE ( 'NONE', *, *, #2235, .F. ) ;
#1054 = EDGE_LOOP ( 'NONE', ( #312, #1927, #2381, #1544 ) ) ;
#1055 = CYLINDRICAL_SURFACE ( 'NONE', #1006, 0.5500000000000001554 ) ;
#1056 = ADVANCED_FACE ( 'NONE', ( #1825, #133 ), #2377, .T. ) ;
#1057 = ADVANCED_FACE ( 'NONE', ( #555 ), #173, .F. ) ;
#1058 = CARTESIAN_POINT ( 'NONE',  ( 4.150000000000000355, 8.139999999999998792, -10.00000000000000000 ) ) ;
#1059 = ORIENTED_EDGE ( 'NONE', *, *, #27, .F. ) ;
#1060 = EDGE_LOOP ( 'NONE', ( #2205, #1444, #1693 ) ) ;
#1061 = ORIENTED_EDGE ( 'NONE', *, *, #43, .T. ) ;
#1062 = FILL_AREA_STYLE_COLOUR ( '', #974 ) ;
#1063 = PLANE ( 'NONE',  #2422 ) ;
#1064 = DIRECTION ( 'NONE',  ( 1.000000000000000000, 0.000000000000000000, 0.000000000000000000 ) ) ;
#1065 = ORIENTED_EDGE ( 'NONE', *, *, #1932, .T. ) ;
#1066 = LINE ( 'NONE', #711, #693 ) ;
#1067 = PLANE ( 'NONE',  #1000 ) ;
#1068 = EDGE_CURVE ( 'NONE', #510, #1249, #1261, .T. ) ;
#1069 = VERTEX_POINT ( 'NONE', #1612 ) ;
#1070 = CARTESIAN_POINT ( 'NONE',  ( 0.000000000000000000, 11.39000000000000057, -21.48361162512999911 ) ) ;
#1071 = AXIS2_PLACEMENT_3D ( 'NONE', #2233, #559, #2040 ) ;
#1072 = AXIS2_PLACEMENT_3D ( 'NONE', #1668, #177, #776 ) ;
#1073 = ORIENTED_EDGE ( 'NONE', *, *, #2297, .F. ) ;
#1074 = ADVANCED_FACE ( 'NONE', ( #2414, #685 ), #366, .T. ) ;
#1075 = VECTOR ( 'NONE', #1161, 1000.000000000000000 ) ;
#1076 = ORIENTED_EDGE ( 'NONE', *, *, #590, .T. ) ;
#1077 = CIRCLE ( 'NONE', #22, 3.250000000000000444 ) ;
#1078 = VECTOR ( 'NONE', #1369, 1000.000000000000000 ) ;
#1079 = DIRECTION ( 'NONE',  ( 0.000000000000000000, -1.000000000000000000, 0.000000000000000000 ) ) ;
#1080 = VERTEX_POINT ( 'NONE', #1092 ) ;
#1081 = VECTOR ( 'NONE', #1524, 1000.000000000000000 ) ;
#1082 = CARTESIAN_POINT ( 'NONE',  ( -7.865000000000000213, 0.000000000000000000, -17.25000000000000000 ) ) ;
#1083 = ORIENTED_EDGE ( 'NONE', *, *, #2013, .T. ) ;
#1084 = CARTESIAN_POINT ( 'NONE',  ( -10.92006769424999924, 0.000000000000000000, -3.449999999999999734 ) ) ;
#1085 = ORIENTED_EDGE ( 'NONE', *, *, #2031, .T. ) ;
#1086 = PRODUCT_CONTEXT ( 'NONE', #1982, 'mechanical' ) ;
#1087 = EDGE_CURVE ( 'NONE', #637, #677, #516, .T. ) ;
#1088 = EDGE_LOOP ( 'NONE', ( #477, #518 ) ) ;
#1089 =( NAMED_UNIT ( * ) PLANE_ANGLE_UNIT ( ) SI_UNIT ( $, .RADIAN. ) );
#1090 = PLANE ( 'NONE',  #2382 ) ;
#1091 = ORIENTED_EDGE ( 'NONE', *, *, #719, .F. ) ;
#1092 = CARTESIAN_POINT ( 'NONE',  ( 9.079617834395000031, 12.49070063694000154, 0.000000000000000000 ) ) ;
#1093 = LINE ( 'NONE', #1517, #1005 ) ;
#1094 = DIRECTION ( 'NONE',  ( 1.000000000000000000, 0.000000000000000000, 0.000000000000000000 ) ) ;
#1095 = ORIENTED_EDGE ( 'NONE', *, *, #1430, .F. ) ;
#1096 = DIRECTION ( 'NONE',  ( 1.000000000000000000, 0.000000000000000000, 0.000000000000000000 ) ) ;
#1097 = ORIENTED_EDGE ( 'NONE', *, *, #527, .F. ) ;
#1098 = ORIENTED_EDGE ( 'NONE', *, *, #212, .F. ) ;
#1099 = CARTESIAN_POINT ( 'NONE',  ( 8.364999999999998437, -3.449999999999999734, -16.69999999999999929 ) ) ;
#1100 = EDGE_CURVE ( 'NONE', #323, #846, #2304, .T. ) ;
#1101 = FACE_OUTER_BOUND ( 'NONE', #2075, .T. ) ;
#1102 = ADVANCED_FACE ( 'NONE', ( #1422 ), #1055, .T. ) ;
#1103 = ORIENTED_EDGE ( 'NONE', *, *, #1388, .F. ) ;
#1104 = CARTESIAN_POINT ( 'NONE',  ( -10.92006769424999924, -3.449999999999999734, -4.000000000000000000 ) ) ;
#1105 = DIRECTION ( 'NONE',  ( 0.000000000000000000, 0.000000000000000000, 1.000000000000000000 ) ) ;
#1106 = ORIENTED_EDGE ( 'NONE', *, *, #348, .F. ) ;
#1107 = CARTESIAN_POINT ( 'NONE',  ( 0.000000000000000000, 8.139999999999998792, -21.48361162512999911 ) ) ;
#1108 = FACE_OUTER_BOUND ( 'NONE', #729, .T. ) ;
#1109 = DIRECTION ( 'NONE',  ( 0.000000000000000000, 0.000000000000000000, 1.000000000000000000 ) ) ;
#1110 = VECTOR ( 'NONE', #425, 1000.000000000000000 ) ;
#1111 = ORIENTED_EDGE ( 'NONE', *, *, #1476, .F. ) ;
#1112 = DIRECTION ( 'NONE',  ( 0.000000000000000000, 1.025063872168112953E-14, 1.000000000000000000 ) ) ;
#1113 = VECTOR ( 'NONE', #1603, 1000.000000000000000 ) ;
#1114 = ADVANCED_FACE ( 'NONE', ( #2392 ), #1250, .F. ) ;
#1115 = AXIS2_PLACEMENT_3D ( 'NONE', #1989, #160, #1469 ) ;
#1116 = DIRECTION ( 'NONE',  ( 1.000000000000000000, 0.000000000000000000, 0.000000000000000000 ) ) ;
#1117 = ORIENTED_EDGE ( 'NONE', *, *, #1410, .T. ) ;
#1118 = CARTESIAN_POINT ( 'NONE',  ( 6.034658029382999445, 12.64375426377000089, -20.60999999999999943 ) ) ;
#1119 = AXIS2_PLACEMENT_3D ( 'NONE', #1352, #1667, #589 ) ;
#1120 = EDGE_CURVE ( 'NONE', #1797, #531, #1066, .T. ) ;
#1121 = EDGE_CURVE ( 'NONE', #2138, #296, #2202, .T. ) ;
#1122 = AXIS2_PLACEMENT_3D ( 'NONE', #147, #940, #901 ) ;
#1123 = DIRECTION ( 'NONE',  ( 0.000000000000000000, 0.000000000000000000, 1.000000000000000000 ) ) ;
#1124 = FACE_OUTER_BOUND ( 'NONE', #1060, .T. ) ;
#1125 = ORIENTED_EDGE ( 'NONE', *, *, #1917, .T. ) ;
#1126 = CARTESIAN_POINT ( 'NONE',  ( 8.364999999999998437, 0.000000000000000000, -14.59999999999999964 ) ) ;
#1127 = MECHANICAL_DESIGN_GEOMETRIC_PRESENTATION_REPRESENTATION (  '', ( #141 ), #1399 ) ;
#1128 = DIRECTION ( 'NONE',  ( 0.000000000000000000, 0.000000000000000000, 1.000000000000000000 ) ) ;
#1129 = ORIENTED_EDGE ( 'NONE', *, *, #817, .T. ) ;
#1130 = CARTESIAN_POINT ( 'NONE',  ( 0.000000000000000000, 4.890000000000000568, -21.48361162512999911 ) ) ;
#1131 = DIRECTION ( 'NONE',  ( 0.000000000000000000, 0.000000000000000000, 1.000000000000000000 ) ) ;
#1132 = ORIENTED_EDGE ( 'NONE', *, *, #2438, .F. ) ;
#1133 = DIRECTION ( 'NONE',  ( 0.000000000000000000, 0.000000000000000000, -1.000000000000000000 ) ) ;
#1134 = LINE ( 'NONE', #2, #273 ) ;
#1135 = ORIENTED_EDGE ( 'NONE', *, *, #318, .F. ) ;
#1136 = CARTESIAN_POINT ( 'NONE',  ( -8.364999999999998437, -3.449999999999999734, -16.15000000000000213 ) ) ;
#1137 = EDGE_CURVE ( 'NONE', #2103, #166, #1310, .T. ) ;
#1138 = CARTESIAN_POINT ( 'NONE',  ( 3.250000000000000000, 8.139999999999998792, -20.60999999999999943 ) ) ;
#1139 = CARTESIAN_POINT ( 'NONE',  ( 0.000000000000000000, 8.139999999999998792, 0.000000000000000000 ) ) ;
#1140 = EDGE_LOOP ( 'NONE', ( #255, #1411, #1421, #106 ) ) ;
#1141 = CARTESIAN_POINT ( 'NONE',  ( -10.92006769424999924, -3.449999999999999734, -16.69999999999999929 ) ) ;
#1142 = DIRECTION ( 'NONE',  ( 0.000000000000000000, 0.000000000000000000, 1.000000000000000000 ) ) ;
#1143 = CARTESIAN_POINT ( 'NONE',  ( -8.364999999999998437, 0.2200000000000000011, -6.100000000000000533 ) ) ;
#1144 = VERTEX_POINT ( 'NONE', #1921 ) ;
#1145 = LINE ( 'NONE', #1545, #2217 ) ;
#1146 = ADVANCED_FACE ( 'NONE', ( #42 ), #799, .F. ) ;
#1147 = DIRECTION ( 'NONE',  ( 0.000000000000000000, 1.000000000000000000, 0.000000000000000000 ) ) ;
#1148 = LINE ( 'NONE', #20, #1862 ) ;
#1149 = ORIENTED_EDGE ( 'NONE', *, *, #2415, .T. ) ;
#1150 = FACE_OUTER_BOUND ( 'NONE', #2119, .T. ) ;
#1151 = VERTEX_POINT ( 'NONE', #1866 ) ;
#1152 = VECTOR ( 'NONE', #815, 1000.000000000000000 ) ;
#1153 = VECTOR ( 'NONE', #1176, 1000.000000000000000 ) ;
#1154 = LINE ( 'NONE', #611, #1626 ) ;
#1155 = FACE_BOUND ( 'NONE', #1254, .T. ) ;
#1156 = AXIS2_PLACEMENT_3D ( 'NONE', #1829, #153, #1642 ) ;
#1157 = CARTESIAN_POINT ( 'NONE',  ( -4.349999999999999645, 3.924999999999999822, -23.52999999999999758 ) ) ;
#1158 = AXIS2_PLACEMENT_3D ( 'NONE', #2109, #256, #998 ) ;
#1159 = AXIS2_PLACEMENT_3D ( 'NONE', #887, #1784, #522 ) ;
#1160 = VERTEX_POINT ( 'NONE', #2444 ) ;
#1161 = DIRECTION ( 'NONE',  ( 0.000000000000000000, -1.000000000000000000, 0.000000000000000000 ) ) ;
#1162 = VECTOR ( 'NONE', #326, 1000.000000000000000 ) ;
#1163 = CARTESIAN_POINT ( 'NONE',  ( -8.364999999999998437, 0.000000000000000000, -17.25000000000000000 ) ) ;
#1164 =( NAMED_UNIT ( * ) SI_UNIT ( $, .STERADIAN. ) SOLID_ANGLE_UNIT ( ) );
#1165 = AXIS2_PLACEMENT_3D ( 'NONE', #562, #1295, #1821 ) ;
#1166 = CARTESIAN_POINT ( 'NONE',  ( 4.349999999999999645, 12.35500000000000043, -20.60999999999999943 ) ) ;
#1167 = ORIENTED_EDGE ( 'NONE', *, *, #476, .T. ) ;
#1168 = ADVANCED_FACE ( 'NONE', ( #1155, #1904 ), #942, .F. ) ;
#1169 = ADVANCED_FACE ( 'NONE', ( #1715 ), #11, .F. ) ;
#1170 = CARTESIAN_POINT ( 'NONE',  ( -4.150000000000001243, 8.139999999999998792, 3.000000000000000000 ) ) ;
#1171 = DIRECTION ( 'NONE',  ( 0.000000000000000000, 0.000000000000000000, -1.000000000000000000 ) ) ;
#1172 = ORIENTED_EDGE ( 'NONE', *, *, #396, .F. ) ;
#1173 = DIRECTION ( 'NONE',  ( 0.000000000000000000, 1.000000000000000000, 0.000000000000000000 ) ) ;
#1174 = PRODUCT_DEFINITION_CONTEXT ( 'detailed design', #1910, 'design' ) ;
#1175 = DIRECTION ( 'NONE',  ( 0.000000000000000000, 0.000000000000000000, 1.000000000000000000 ) ) ;
#1176 = DIRECTION ( 'NONE',  ( 0.000000000000000000, 0.000000000000000000, 1.000000000000000000 ) ) ;
#1177 = CARTESIAN_POINT ( 'NONE',  ( -10.92006769424999924, -3.449999999999999734, -16.69999999999999929 ) ) ;
#1178 = ORIENTED_EDGE ( 'NONE', *, *, #2020, .T. ) ;
#1179 = DIRECTION ( 'NONE',  ( 0.000000000000000000, 1.000000000000000000, 0.000000000000000000 ) ) ;
#1180 = ORIENTED_EDGE ( 'NONE', *, *, #2280, .F. ) ;
#1181 = EDGE_CURVE ( 'NONE', #1812, #2227, #982, .T. ) ;
#1182 = DIRECTION ( 'NONE',  ( 0.000000000000000000, 0.000000000000000000, 1.000000000000000000 ) ) ;
#1183 = DIRECTION ( 'NONE',  ( 0.000000000000000000, -1.000000000000000000, 0.000000000000000000 ) ) ;
#1184 = CARTESIAN_POINT ( 'NONE',  ( -8.364999999999998437, -3.449999999999999734, -4.549999999999999822 ) ) ;
#1185 = VERTEX_POINT ( 'NONE', #1118 ) ;
#1186 = LINE ( 'NONE', #863, #64 ) ;
#1187 = DIRECTION ( 'NONE',  ( 0.000000000000000000, 0.000000000000000000, 1.000000000000000000 ) ) ;
#1188 = ORIENTED_EDGE ( 'NONE', *, *, #363, .T. ) ;
#1189 =( LENGTH_UNIT ( ) NAMED_UNIT ( * ) SI_UNIT ( .MILLI., .METRE. ) );
#1190 = EDGE_LOOP ( 'NONE', ( #53, #39, #268, #2352 ) ) ;
#1191 = AXIS2_PLACEMENT_3D ( 'NONE', #747, #1128, #1291 ) ;
#1192 = DIRECTION ( 'NONE',  ( 1.000000000000000000, 0.000000000000000000, 0.000000000000000000 ) ) ;
#1193 = VECTOR ( 'NONE', #2025, 1000.000000000000000 ) ;
#1194 = CARTESIAN_POINT ( 'NONE',  ( -7.865000000000000213, 0.2200000000000000011, -14.59999999999999964 ) ) ;
#1195 = VERTEX_POINT ( 'NONE', #395 ) ;
#1196 = PLANE ( 'NONE',  #1268 ) ;
#1197 = AXIS2_PLACEMENT_3D ( 'NONE', #603, #793, #616 ) ;
#1198 = PRODUCT_DEFINITION ( 'UNKNOWN', '', #2017, #1372 ) ;
#1199 =( GEOMETRIC_REPRESENTATION_CONTEXT ( 3 ) GLOBAL_UNCERTAINTY_ASSIGNED_CONTEXT ( ( #957 ) ) GLOBAL_UNIT_ASSIGNED_CONTEXT ( ( #1562, #1214, #489 ) ) REPRESENTATION_CONTEXT ( 'NONE', 'WORKASPACE' ) );
#1200 = PLANE ( 'NONE',  #810 ) ;
#1201 = VECTOR ( 'NONE', #1627, 1000.000000000000000 ) ;
#1202 = ORIENTED_EDGE ( 'NONE', *, *, #497, .F. ) ;
#1203 = VECTOR ( 'NONE', #913, 1000.000000000000000 ) ;
#1204 = CARTESIAN_POINT ( 'NONE',  ( 8.364999999999998437, 0.000000000000000000, -3.449999999999999734 ) ) ;
#1205 = ORIENTED_EDGE ( 'NONE', *, *, #99, .F. ) ;
#1206 = DIRECTION ( 'NONE',  ( 0.000000000000000000, -1.000000000000000000, 0.000000000000000000 ) ) ;
#1207 = CARTESIAN_POINT ( 'NONE',  ( -8.364999999999998437, 0.2200000000000000011, -1.899999999999999911 ) ) ;
#1208 = EDGE_LOOP ( 'NONE', ( #1793, #856, #2333, #1725 ) ) ;
#1209 = DIRECTION ( 'NONE',  ( 0.000000000000000000, 0.000000000000000000, 1.000000000000000000 ) ) ;
#1210 = CARTESIAN_POINT ( 'NONE',  ( -8.364999999999998437, 0.000000000000000000, -4.549999999999999822 ) ) ;
#1211 = EDGE_CURVE ( 'NONE', #684, #2033, #2253, .T. ) ;
#1212 = DIRECTION ( 'NONE',  ( 0.000000000000000000, 0.000000000000000000, 1.000000000000000000 ) ) ;
#1213 = VERTEX_POINT ( 'NONE', #601 ) ;
#1214 =( NAMED_UNIT ( * ) PLANE_ANGLE_UNIT ( ) SI_UNIT ( $, .RADIAN. ) );
#1215 = SURFACE_STYLE_FILL_AREA ( #2339 ) ;
#1216 = CARTESIAN_POINT ( 'NONE',  ( 7.865000000000000213, 0.2200000000000000011, -18.80000000000000071 ) ) ;
#1217 = VERTEX_POINT ( 'NONE', #1340 ) ;
#1218 = CYLINDRICAL_SURFACE ( 'NONE', #1393, 4.150000000000001243 ) ;
#1219 = CARTESIAN_POINT ( 'NONE',  ( 3.250000000000000444, 8.139999999999998792, 0.000000000000000000 ) ) ;
#1220 = EDGE_CURVE ( 'NONE', #1080, #2023, #2018, .T. ) ;
#1221 = ORIENTED_EDGE ( 'NONE', *, *, #1768, .F. ) ;
#1222 = DIRECTION ( 'NONE',  ( 0.000000000000000000, 0.000000000000000000, 1.000000000000000000 ) ) ;
#1223 = ADVANCED_FACE ( 'NONE', ( #2084 ), #1327, .F. ) ;
#1224 = EDGE_CURVE ( 'NONE', #1939, #917, #752, .T. ) ;
#1225 = LINE ( 'NONE', #96, #183 ) ;
#1226 = ORIENTED_EDGE ( 'NONE', *, *, #1835, .F. ) ;
#1227 = CARTESIAN_POINT ( 'NONE',  ( 4.349999999999999645, 3.924999999999999822, -20.60999999999999943 ) ) ;
#1228 = AXIS2_PLACEMENT_3D ( 'NONE', #958, #947, #1510 ) ;
#1229 = PLANE ( 'NONE',  #1899 ) ;
#1230 = VECTOR ( 'NONE', #1850, 1000.000000000000000 ) ;
#1231 = VECTOR ( 'NONE', #2054, 1000.000000000000000 ) ;
#1232 = CARTESIAN_POINT ( 'NONE',  ( -7.865000000000000213, 0.000000000000000000, -4.549999999999999822 ) ) ;
#1233 = AXIS2_PLACEMENT_3D ( 'NONE', #631, #445, #825 ) ;
#1234 = CIRCLE ( 'NONE', #1122, 0.5500000000000001554 ) ;
#1235 = ORIENTED_EDGE ( 'NONE', *, *, #1345, .F. ) ;
#1236 = EDGE_CURVE ( 'NONE', #2362, #2033, #2050, .T. ) ;
#1237 = ADVANCED_FACE ( 'NONE', ( #565 ), #774, .F. ) ;
#1238 = CARTESIAN_POINT ( 'NONE',  ( 0.000000000000000000, 11.39000000000000057, -20.60999999999999943 ) ) ;
#1239 = STYLED_ITEM ( 'NONE', ( #1766 ), #2171 ) ;
#1240 = ORIENTED_EDGE ( 'NONE', *, *, #878, .T. ) ;
#1241 = CARTESIAN_POINT ( 'NONE',  ( 7.865000000000000213, 0.2200000000000000011, -1.899999999999999911 ) ) ;
#1242 = DIRECTION ( 'NONE',  ( 0.000000000000000000, 1.000000000000000000, 0.000000000000000000 ) ) ;
#1243 = ORIENTED_EDGE ( 'NONE', *, *, #333, .T. ) ;
#1244 = FACE_OUTER_BOUND ( 'NONE', #2287, .T. ) ;
#1245 = ORIENTED_EDGE ( 'NONE', *, *, #944, .T. ) ;
#1246 = VERTEX_POINT ( 'NONE', #408 ) ;
#1247 = PLANE ( 'NONE',  #545 ) ;
#1248 = EDGE_CURVE ( 'NONE', #2036, #1213, #819, .T. ) ;
#1249 = VERTEX_POINT ( 'NONE', #1299 ) ;
#1250 = PLANE ( 'NONE',  #882 ) ;
#1251 = CARTESIAN_POINT ( 'NONE',  ( -8.364999999999998437, -3.449999999999999734, -16.15000000000000213 ) ) ;
#1252 = EDGE_LOOP ( 'NONE', ( #206, #1432, #46, #1680 ) ) ;
#1253 = CARTESIAN_POINT ( 'NONE',  ( 8.364999999999998437, -3.449999999999999734, -4.549999999999999822 ) ) ;
#1254 = EDGE_LOOP ( 'NONE', ( #1637, #505, #1263, #1083 ) ) ;
#1255 = PRESENTATION_STYLE_ASSIGNMENT (( #2196 ) ) ;
#1256 = VERTEX_POINT ( 'NONE', #1143 ) ;
#1257 = CARTESIAN_POINT ( 'NONE',  ( -9.099999999999999645, 0.2200000000000000011, -20.60999999999999943 ) ) ;
#1258 = CARTESIAN_POINT ( 'NONE',  ( 0.000000000000000000, 8.139999999999998792, -10.00000000000000000 ) ) ;
#1259 = CARTESIAN_POINT ( 'NONE',  ( -9.099999999999999645, 8.139999999999998792, 0.000000000000000000 ) ) ;
#1260 = EDGE_LOOP ( 'NONE', ( #1011, #699, #1492, #1552 ) ) ;
#1261 = LINE ( 'NONE', #1241, #619 ) ;
#1262 = FACE_OUTER_BOUND ( 'NONE', #446, .T. ) ;
#1263 = ORIENTED_EDGE ( 'NONE', *, *, #897, .T. ) ;
#1264 = CARTESIAN_POINT ( 'NONE',  ( 0.000000000000000000, 8.139999999999998792, -7.000000000000000000 ) ) ;
#1265 = ADVANCED_FACE ( 'NONE', ( #1891 ), #418, .F. ) ;
#1266 = MECHANICAL_DESIGN_GEOMETRIC_PRESENTATION_REPRESENTATION (  '', ( #1698 ), #423 ) ;
#1267 = ORIENTED_EDGE ( 'NONE', *, *, #94, .T. ) ;
#1268 = AXIS2_PLACEMENT_3D ( 'NONE', #276, #1788, #1017 ) ;
#1269 = EDGE_LOOP ( 'NONE', ( #2427, #1572, #2108, #629 ) ) ;
#1270 = VECTOR ( 'NONE', #675, 1000.000000000000000 ) ;
#1271 = CARTESIAN_POINT ( 'NONE',  ( -8.364999999999998437, -3.449999999999999734, -16.69999999999999929 ) ) ;
#1272 = PRODUCT_DEFINITION_SHAPE ( 'NONE', 'NONE',  #1198 ) ;
#1273 = AXIS2_PLACEMENT_3D ( 'NONE', #2052, #2216, #1880 ) ;
#1274 = DIRECTION ( 'NONE',  ( 1.000000000000000000, 0.000000000000000000, 0.000000000000000000 ) ) ;
#1275 = VECTOR ( 'NONE', #468, 1000.000000000000000 ) ;
#1276 = ORIENTED_EDGE ( 'NONE', *, *, #1044, .T. ) ;
#1277 = DIRECTION ( 'NONE',  ( 1.000000000000000000, 0.000000000000000000, 0.000000000000000000 ) ) ;
#1278 = STYLED_ITEM ( 'NONE', ( #2145 ), #2407 ) ;
#1279 = PLANE ( 'NONE',  #136 ) ;
#1280 = EDGE_LOOP ( 'NONE', ( #266, #831 ) ) ;
#1281 = EDGE_CURVE ( 'NONE', #1037, #1780, #2134, .T. ) ;
#1282 = ORIENTED_EDGE ( 'NONE', *, *, #560, .F. ) ;
#1283 = APPLICATION_PROTOCOL_DEFINITION ( 'draft international standard', 'automotive_design', 1998, #2240 ) ;
#1284 = ORIENTED_EDGE ( 'NONE', *, *, #866, .F. ) ;
#1285 = CARTESIAN_POINT ( 'NONE',  ( 9.079617834395000031, 12.49070063694000154, -20.60999999999999943 ) ) ;
#1286 = DIRECTION ( 'NONE',  ( 0.000000000000000000, 0.000000000000000000, -1.000000000000000000 ) ) ;
#1287 = ORIENTED_EDGE ( 'NONE', *, *, #2357, .T. ) ;
#1288 = FACE_OUTER_BOUND ( 'NONE', #109, .T. ) ;
#1289 = FACE_OUTER_BOUND ( 'NONE', #2320, .T. ) ;
#1290 = ORIENTED_EDGE ( 'NONE', *, *, #719, .T. ) ;
#1291 = DIRECTION ( 'NONE',  ( 1.000000000000000000, 0.000000000000000000, 0.000000000000000000 ) ) ;
#1292 = SHAPE_REPRESENTATION_RELATIONSHIP ( 'NONE' , 'NONE' ,  #1402, #2407 ) ;
#1293 = EDGE_CURVE ( 'NONE', #1604, #2434, #2329, .T. ) ;
#1294 = VERTEX_POINT ( 'NONE', #67 ) ;
#1295 = DIRECTION ( 'NONE',  ( 0.000000000000000000, 0.000000000000000000, 1.000000000000000000 ) ) ;
#1296 = EDGE_CURVE ( 'NONE', #2293, #610, #1742, .T. ) ;
#1297 = DIRECTION ( 'NONE',  ( -0.000000000000000000, 1.000000000000000000, 0.000000000000000000 ) ) ;
#1298 = ORIENTED_EDGE ( 'NONE', *, *, #2094, .F. ) ;
#1299 = CARTESIAN_POINT ( 'NONE',  ( 7.865000000000000213, 0.000000000000000000, -1.899999999999999911 ) ) ;
#1300 = CARTESIAN_POINT ( 'NONE',  ( 8.364999999999998437, 0.2200000000000000011, -1.899999999999999911 ) ) ;
#1301 = PLANE ( 'NONE',  #972 ) ;
#1302 = ORIENTED_EDGE ( 'NONE', *, *, #1592, .T. ) ;
#1303 = CARTESIAN_POINT ( 'NONE',  ( -8.364999999999998437, 0.2200000000000000011, -1.899999999999999911 ) ) ;
#1304 = DIRECTION ( 'NONE',  ( 1.000000000000000000, 0.000000000000000000, 0.000000000000000000 ) ) ;
#1305 = AXIS2_PLACEMENT_3D ( 'NONE', #865, #2393, #1424 ) ;
#1306 = CARTESIAN_POINT ( 'NONE',  ( 8.364999999999998437, 0.2200000000000000011, -14.59999999999999964 ) ) ;
#1307 = VECTOR ( 'NONE', #2380, 1000.000000000000000 ) ;
#1308 = VERTEX_POINT ( 'NONE', #2157 ) ;
#1309 = MECHANICAL_DESIGN_GEOMETRIC_PRESENTATION_REPRESENTATION (  '', ( #2374 ), #813 ) ;
#1310 = CIRCLE ( 'NONE', #1617, 4.150000000000001243 ) ;
#1311 = EDGE_CURVE ( 'NONE', #1391, #983, #304, .T. ) ;
#1312 = ADVANCED_FACE ( 'NONE', ( #1001 ), #991, .F. ) ;
#1313 = CARTESIAN_POINT ( 'NONE',  ( 7.865000000000000213, 0.000000000000000000, -16.15000000000000213 ) ) ;
#1314 = ORIENTED_EDGE ( 'NONE', *, *, #1785, .T. ) ;
#1315 = DIRECTION ( 'NONE',  ( 1.000000000000000000, 0.000000000000000000, 0.000000000000000000 ) ) ;
#1316 =( GEOMETRIC_REPRESENTATION_CONTEXT ( 3 ) GLOBAL_UNCERTAINTY_ASSIGNED_CONTEXT ( ( #165 ) ) GLOBAL_UNIT_ASSIGNED_CONTEXT ( ( #665, #1931, #1970 ) ) REPRESENTATION_CONTEXT ( 'NONE', 'WORKASPACE' ) );
#1317 = AXIS2_PLACEMENT_3D ( 'NONE', #607, #254, #960 ) ;
#1318 = DIRECTION ( 'NONE',  ( 1.000000000000000000, 0.000000000000000000, 1.421085471520000159E-14 ) ) ;
#1319 = CARTESIAN_POINT ( 'NONE',  ( -7.865000000000000213, 0.2200000000000000011, -1.899999999999999911 ) ) ;
#1320 = ORIENTED_EDGE ( 'NONE', *, *, #111, .F. ) ;
#1321 = LINE ( 'NONE', #2272, #2131 ) ;
#1322 = AXIS2_PLACEMENT_3D ( 'NONE', #1271, #2248, #2006 ) ;
#1323 = DIRECTION ( 'NONE',  ( 0.000000000000000000, -0.000000000000000000, -1.000000000000000000 ) ) ;
#1324 = CARTESIAN_POINT ( 'NONE',  ( 7.865000000000000213, 0.000000000000000000, -17.25000000000000000 ) ) ;
#1325 = ORIENTED_EDGE ( 'NONE', *, *, #2296, .F. ) ;
#1326 = CARTESIAN_POINT ( 'NONE',  ( 7.865000000000000213, 0.000000000000000000, -14.59999999999999964 ) ) ;
#1327 = PLANE ( 'NONE',  #969 ) ;
#1328 = EDGE_CURVE ( 'NONE', #1294, #1946, #1777, .T. ) ;
#1329 = DIRECTION ( 'NONE',  ( 0.000000000000000000, 0.000000000000000000, 1.000000000000000000 ) ) ;
#1330 = LINE ( 'NONE', #2255, #890 ) ;
#1331 = ORIENTED_EDGE ( 'NONE', *, *, #1333, .F. ) ;
#1332 = PLANE ( 'NONE',  #775 ) ;
#1333 = EDGE_CURVE ( 'NONE', #835, #543, #1225, .T. ) ;
#1334 = CARTESIAN_POINT ( 'NONE',  ( 8.300000000000000711, 8.139999999999998792, 0.000000000000000000 ) ) ;
#1335 = MANIFOLD_SOLID_BREP ( 'Split1[1]', #1458 ) ;
#1336 = CARTESIAN_POINT ( 'NONE',  ( 3.250000000000000000, 8.139999999999998792, 0.000000000000000000 ) ) ;
#1337 = DIRECTION ( 'NONE',  ( 0.000000000000000000, 1.000000000000000000, 0.000000000000000000 ) ) ;
#1338 = ORIENTED_EDGE ( 'NONE', *, *, #854, .F. ) ;
#1339 = ORIENTED_EDGE ( 'NONE', *, *, #1430, .T. ) ;
#1340 = CARTESIAN_POINT ( 'NONE',  ( 3.250000000000000444, 8.139999999999998792, -10.00000000000000000 ) ) ;
#1341 = LINE ( 'NONE', #2319, #888 ) ;
#1342 = ORIENTED_EDGE ( 'NONE', *, *, #1019, .T. ) ;
#1343 = CARTESIAN_POINT ( 'NONE',  ( -7.865000000000000213, 0.2200000000000000011, -18.80000000000000071 ) ) ;
#1344 = DIRECTION ( 'NONE',  ( 0.000000000000000000, 0.000000000000000000, 1.000000000000000000 ) ) ;
#1345 = EDGE_CURVE ( 'NONE', #2128, #1630, #1556, .T. ) ;
#1346 = ADVANCED_FACE ( 'NONE', ( #652 ), #1739, .F. ) ;
#1347 = CARTESIAN_POINT ( 'NONE',  ( 7.865000000000000213, 0.000000000000000000, -6.100000000000000533 ) ) ;
#1348 = ORIENTED_EDGE ( 'NONE', *, *, #2415, .F. ) ;
#1349 = ORIENTED_EDGE ( 'NONE', *, *, #1367, .F. ) ;
#1350 = VECTOR ( 'NONE', #2295, 1000.000000000000000 ) ;
#1351 = DIRECTION ( 'NONE',  ( 1.000000000000000000, 0.000000000000000000, 0.000000000000000000 ) ) ;
#1352 = CARTESIAN_POINT ( 'NONE',  ( 0.000000000000000000, 8.139999999999998792, -10.00000000000000000 ) ) ;
#1353 = VECTOR ( 'NONE', #1096, 1000.000000000000000 ) ;
#1354 = CARTESIAN_POINT ( 'NONE',  ( -9.099999999999999645, 0.2200000000000000011, -20.60999999999999943 ) ) ;
#1355 = VECTOR ( 'NONE', #1587, 1000.000000000000000 ) ;
#1356 = AXIS2_PLACEMENT_3D ( 'NONE', #207, #2279, #1315 ) ;
#1357 = ORIENTED_EDGE ( 'NONE', *, *, #2433, .F. ) ;
#1358 = LINE ( 'NONE', #582, #2097 ) ;
#1359 = VECTOR ( 'NONE', #162, 1000.000000000000000 ) ;
#1360 = PLANE ( 'NONE',  #2170 ) ;
#1361 = VECTOR ( 'NONE', #750, 1000.000000000000000 ) ;
#1362 = CARTESIAN_POINT ( 'NONE',  ( 0.000000000000000000, 8.139999999999998792, -7.000000000000000000 ) ) ;
#1363 = EDGE_CURVE ( 'NONE', #1069, #76, #833, .T. ) ;
#1364 = ORIENTED_EDGE ( 'NONE', *, *, #1236, .F. ) ;
#1365 = LINE ( 'NONE', #1326, #736 ) ;
#1366 = ORIENTED_EDGE ( 'NONE', *, *, #247, .T. ) ;
#1367 = EDGE_CURVE ( 'NONE', #576, #168, #2121, .T. ) ;
#1368 = CARTESIAN_POINT ( 'NONE',  ( -7.865000000000000213, -3.449999999999999734, -16.69999999999999929 ) ) ;
#1369 = DIRECTION ( 'NONE',  ( -1.000000000000000000, 0.000000000000000000, 0.000000000000000000 ) ) ;
#1370 = ORIENTED_EDGE ( 'NONE', *, *, #1296, .T. ) ;
#1371 = PLANE ( 'NONE',  #338 ) ;
#1372 = PRODUCT_DEFINITION_CONTEXT ( 'detailed design', #2240, 'design' ) ;
#1373 = DIRECTION ( 'NONE',  ( 0.000000000000000000, 0.000000000000000000, 1.000000000000000000 ) ) ;
#1374 = ORIENTED_EDGE ( 'NONE', *, *, #1606, .F. ) ;
#1375 = DIRECTION ( 'NONE',  ( -1.000000000000000000, 0.000000000000000000, 0.000000000000000000 ) ) ;
#1376 = EDGE_CURVE ( 'NONE', #316, #1723, #852, .T. ) ;
#1377 = EDGE_CURVE ( 'NONE', #2023, #662, #1543, .T. ) ;
#1378 = EDGE_CURVE ( 'NONE', #2434, #2227, #1985, .T. ) ;
#1379 = DIRECTION ( 'NONE',  ( 1.000000000000000000, 0.000000000000000000, 0.000000000000000000 ) ) ;
#1380 = LINE ( 'NONE', #1354, #388 ) ;
#1381 = ORIENTED_EDGE ( 'NONE', *, *, #992, .F. ) ;
#1382 = CARTESIAN_POINT ( 'NONE',  ( 0.000000000000000000, 8.139999999999998792, -7.000000000000000000 ) ) ;
#1383 = LINE ( 'NONE', #1210, #12 ) ;
#1384 = ORIENTED_EDGE ( 'NONE', *, *, #1592, .F. ) ;
#1385 = ORIENTED_EDGE ( 'NONE', *, *, #547, .F. ) ;
#1386 = CLOSED_SHELL ( 'NONE', ( #157, #74, #1114, #2354, #1223, #758, #933, #259, #2246, #1551 ) ) ;
#1387 = CARTESIAN_POINT ( 'NONE',  ( 9.099999999999999645, 8.139999999999998792, 0.000000000000000000 ) ) ;
#1388 = EDGE_CURVE ( 'NONE', #787, #1308, #1813, .T. ) ;
#1389 = VECTOR ( 'NONE', #1318, 1000.000000000000000 ) ;
#1390 = CARTESIAN_POINT ( 'NONE',  ( -7.865000000000000213, 0.2200000000000000011, -6.100000000000000533 ) ) ;
#1391 = VERTEX_POINT ( 'NONE', #118 ) ;
#1392 = FACE_OUTER_BOUND ( 'NONE', #689, .T. ) ;
#1393 = AXIS2_PLACEMENT_3D ( 'NONE', #1414, #2353, #1559 ) ;
#1394 = COLOUR_RGB ( '',0.2509803921568627416, 0.2509803921568627416, 0.2509803921568627416 ) ;
#1395 = VECTOR ( 'NONE', #2172, 1000.000000000000000 ) ;
#1396 = FACE_OUTER_BOUND ( 'NONE', #88, .T. ) ;
#1397 = DIRECTION ( 'NONE',  ( -1.000000000000000000, 0.000000000000000000, 0.000000000000000000 ) ) ;
#1398 = ORIENTED_EDGE ( 'NONE', *, *, #1547, .F. ) ;
#1399 =( GEOMETRIC_REPRESENTATION_CONTEXT ( 3 ) GLOBAL_UNCERTAINTY_ASSIGNED_CONTEXT ( ( #1656 ) ) GLOBAL_UNIT_ASSIGNED_CONTEXT ( ( #1783, #2371, #2185 ) ) REPRESENTATION_CONTEXT ( 'NONE', 'WORKASPACE' ) );
#1400 = SURFACE_STYLE_FILL_AREA ( #661 ) ;
#1401 = ORIENTED_EDGE ( 'NONE', *, *, #1967, .F. ) ;
#1402 = SHAPE_REPRESENTATION ( 'NMJ4HCD2', ( #884 ), #303 ) ;
#1403 = DIRECTION ( 'NONE',  ( 0.000000000000000000, 0.000000000000000000, 1.000000000000000000 ) ) ;
#1404 = CARTESIAN_POINT ( 'NONE',  ( -8.364999999999998437, 0.000000000000000000, -6.100000000000000533 ) ) ;
#1405 = ORIENTED_EDGE ( 'NONE', *, *, #2122, .F. ) ;
#1406 = CARTESIAN_POINT ( 'NONE',  ( -8.364999999999998437, 0.000000000000000000, -4.549999999999999822 ) ) ;
#1407 = ADVANCED_FACE ( 'NONE', ( #1997 ), #129, .F. ) ;
#1408 = CARTESIAN_POINT ( 'NONE',  ( 7.799999999999999822, 12.72000000000000064, 0.000000000000000000 ) ) ;
#1409 = LINE ( 'NONE', #485, #2056 ) ;
#1410 = EDGE_CURVE ( 'NONE', #599, #15, #1043, .T. ) ;
#1411 = ORIENTED_EDGE ( 'NONE', *, *, #375, .F. ) ;
#1412 = PLANE ( 'NONE',  #182 ) ;
#1413 = ORIENTED_EDGE ( 'NONE', *, *, #487, .F. ) ;
#1414 = CARTESIAN_POINT ( 'NONE',  ( 0.000000000000000000, 8.139999999999998792, -7.000000000000000000 ) ) ;
#1415 = DIRECTION ( 'NONE',  ( 0.000000000000000000, -1.000000000000000000, 0.000000000000000000 ) ) ;
#1416 = CARTESIAN_POINT ( 'NONE',  ( 8.364999999999998437, 0.2200000000000000011, -6.100000000000000533 ) ) ;
#1417 = EDGE_CURVE ( 'NONE', #1756, #2293, #1608, .T. ) ;
#1418 = EDGE_CURVE ( 'NONE', #2309, #1460, #98, .T. ) ;
#1419 = ORIENTED_EDGE ( 'NONE', *, *, #1984, .T. ) ;
#1420 = CARTESIAN_POINT ( 'NONE',  ( 0.000000000000000000, 8.139999999999998792, -7.000000000000000000 ) ) ;
#1421 = ORIENTED_EDGE ( 'NONE', *, *, #2327, .T. ) ;
#1422 = FACE_OUTER_BOUND ( 'NONE', #472, .T. ) ;
#1423 = AXIS2_PLACEMENT_3D ( 'NONE', #1408, #1175, #1925 ) ;
#1424 = DIRECTION ( 'NONE',  ( 1.000000000000000000, 0.000000000000000000, 0.000000000000000000 ) ) ;
#1425 = AXIS2_PLACEMENT_3D ( 'NONE', #121, #2179, #1242 ) ;
#1426 = CIRCLE ( 'NONE', #537, 3.250000000000000000 ) ;
#1427 = ORIENTED_EDGE ( 'NONE', *, *, #125, .T. ) ;
#1428 = CARTESIAN_POINT ( 'NONE',  ( 0.000000000000000000, 8.139999999999998792, 0.000000000000000000 ) ) ;
#1429 = VECTOR ( 'NONE', #2067, 1000.000000000000000 ) ;
#1430 = EDGE_CURVE ( 'NONE', #351, #983, #2245, .T. ) ;
#1431 = VECTOR ( 'NONE', #426, 1000.000000000000000 ) ;
#1432 = ORIENTED_EDGE ( 'NONE', *, *, #1917, .F. ) ;
#1433 = CARTESIAN_POINT ( 'NONE',  ( -8.364999999999998437, -3.449999999999999734, -17.25000000000000000 ) ) ;
#1434 = CARTESIAN_POINT ( 'NONE',  ( 8.364999999999998437, 0.000000000000000000, -14.59999999999999964 ) ) ;
#1435 = ORIENTED_EDGE ( 'NONE', *, *, #1573, .F. ) ;
#1436 = DIRECTION ( 'NONE',  ( 0.8014154089485987509, 0.5981081359584988766, 0.000000000000000000 ) ) ;
#1437 = ORIENTED_EDGE ( 'NONE', *, *, #363, .F. ) ;
#1438 = FACE_OUTER_BOUND ( 'NONE', #210, .T. ) ;
#1439 = ORIENTED_EDGE ( 'NONE', *, *, #1755, .F. ) ;
#1440 = SURFACE_SIDE_STYLE ('',( #2385 ) ) ;
#1441 = ORIENTED_EDGE ( 'NONE', *, *, #1224, .T. ) ;
#1442 = DIRECTION ( 'NONE',  ( 1.000000000000000000, 0.000000000000000000, 0.000000000000000000 ) ) ;
#1443 = EDGE_CURVE ( 'NONE', #826, #451, #1077, .T. ) ;
#1444 = ORIENTED_EDGE ( 'NONE', *, *, #58, .T. ) ;
#1445 = DIRECTION ( 'NONE',  ( -0.7642552847637900104, 0.6449138389820909811, 0.000000000000000000 ) ) ;
#1446 = EDGE_LOOP ( 'NONE', ( #1106, #2182, #1016, #361 ) ) ;
#1447 = DIRECTION ( 'NONE',  ( 0.000000000000000000, 0.000000000000000000, 1.000000000000000000 ) ) ;
#1448 = CYLINDRICAL_SURFACE ( 'NONE', #877, 1.300000000000000711 ) ;
#1449 = ORIENTED_EDGE ( 'NONE', *, *, #497, .T. ) ;
#1450 = FACE_OUTER_BOUND ( 'NONE', #26, .T. ) ;
#1451 = FACE_OUTER_BOUND ( 'NONE', #2335, .T. ) ;
#1452 = ORIENTED_EDGE ( 'NONE', *, *, #2366, .F. ) ;
#1453 = CARTESIAN_POINT ( 'NONE',  ( 0.000000000000000000, 8.139999999999998792, 3.000000000000000000 ) ) ;
#1454 = EDGE_CURVE ( 'NONE', #62, #2146, #1598, .T. ) ;
#1455 = CARTESIAN_POINT ( 'NONE',  ( 3.250000000000000000, 8.139999999999998792, 0.000000000000000000 ) ) ;
#1456 = DIRECTION ( 'NONE',  ( 0.000000000000000000, -1.000000000000000000, 0.000000000000000000 ) ) ;
#1457 = ORIENTED_EDGE ( 'NONE', *, *, #1814, .T. ) ;
#1458 = CLOSED_SHELL ( 'NONE', ( #1767, #2398, #1651, #1057, #122, #1102, #1795, #671, #286, #2186 ) ) ;
#1459 = COLOUR_RGB ( '',0.2509803921568627416, 0.2509803921568627416, 0.2509803921568627416 ) ;
#1460 = VERTEX_POINT ( 'NONE', #1625 ) ;
#1461 = VECTOR ( 'NONE', #2331, 1000.000000000000000 ) ;
#1462 = EDGE_LOOP ( 'NONE', ( #1405, #570, #465, #1172 ) ) ;
#1463 = AXIS2_PLACEMENT_3D ( 'NONE', #2291, #763, #577 ) ;
#1464 = CARTESIAN_POINT ( 'NONE',  ( 8.364999999999998437, 0.2200000000000000011, -6.100000000000000533 ) ) ;
#1465 = VECTOR ( 'NONE', #503, 1000.000000000000000 ) ;
#1466 = LINE ( 'NONE', #553, #587 ) ;
#1467 = AXIS2_PLACEMENT_3D ( 'NONE', #1634, #886, #1112 ) ;
#1468 = ORIENTED_EDGE ( 'NONE', *, *, #2250, .T. ) ;
#1469 = DIRECTION ( 'NONE',  ( 1.000000000000000000, 0.000000000000000000, 0.000000000000000000 ) ) ;
#1470 = CARTESIAN_POINT ( 'NONE',  ( 7.865000000000000213, 0.2200000000000000011, -6.100000000000000533 ) ) ;
#1471 = EDGE_CURVE ( 'NONE', #508, #2376, #2360, .T. ) ;
#1472 = ORIENTED_EDGE ( 'NONE', *, *, #864, .F. ) ;
#1473 = LINE ( 'NONE', #2405, #1353 ) ;
#1474 = FACE_OUTER_BOUND ( 'NONE', #379, .T. ) ;
#1475 = EDGE_CURVE ( 'NONE', #917, #1797, #2389, .T. ) ;
#1476 = EDGE_CURVE ( 'NONE', #232, #649, #372, .T. ) ;
#1477 = ORIENTED_EDGE ( 'NONE', *, *, #1547, .T. ) ;
#1478 = LINE ( 'NONE', #760, #506 ) ;
#1479 = CARTESIAN_POINT ( 'NONE',  ( -9.099999999999999645, 8.139999999999998792, -20.60999999999999943 ) ) ;
#1480 = VERTEX_POINT ( 'NONE', #325 ) ;
#1481 = CARTESIAN_POINT ( 'NONE',  ( 0.000000000000000000, 8.139999999999998792, 0.000000000000000000 ) ) ;
#1482 = LINE ( 'NONE', #13, #2300 ) ;
#1483 = DIRECTION ( 'NONE',  ( 0.000000000000000000, -1.000000000000000000, 0.000000000000000000 ) ) ;
#1484 = ORIENTED_EDGE ( 'NONE', *, *, #486, .T. ) ;
#1485 = DIRECTION ( 'NONE',  ( 0.000000000000000000, 0.8660254037844288266, -0.5000000000000169864 ) ) ;
#1486 =( NAMED_UNIT ( * ) PLANE_ANGLE_UNIT ( ) SI_UNIT ( $, .RADIAN. ) );
#1487 = ADVANCED_FACE ( 'NONE', ( #569 ), #1063, .T. ) ;
#1488 = EDGE_CURVE ( 'NONE', #755, #1391, #1804, .T. ) ;
#1489 = ORIENTED_EDGE ( 'NONE', *, *, #1211, .T. ) ;
#1490 = CYLINDRICAL_SURFACE ( 'NONE', #2426, 5.700000000000000178 ) ;
#1491 = CARTESIAN_POINT ( 'NONE',  ( 6.034658029382999445, 12.64375426377000089, 0.000000000000000000 ) ) ;
#1492 = ORIENTED_EDGE ( 'NONE', *, *, #1701, .F. ) ;
#1493 = CARTESIAN_POINT ( 'NONE',  ( -10.92006769424999924, -3.449999999999999734, -16.15000000000000213 ) ) ;
#1494 = CARTESIAN_POINT ( 'NONE',  ( 5.700000000000000178, 8.139999999999998792, 0.000000000000000000 ) ) ;
#1495 = ORIENTED_EDGE ( 'NONE', *, *, #639, .F. ) ;
#1496 = DIRECTION ( 'NONE',  ( 0.000000000000000000, 0.000000000000000000, -1.000000000000000000 ) ) ;
#1497 = LINE ( 'NONE', #1334, #2127 ) ;
#1498 = CARTESIAN_POINT ( 'NONE',  ( 8.364999999999998437, -3.449999999999999734, -16.15000000000000213 ) ) ;
#1499 = AXIS2_PLACEMENT_3D ( 'NONE', #528, #1965, #517 ) ;
#1500 = ORIENTED_EDGE ( 'NONE', *, *, #1832, .F. ) ;
#1501 = ADVANCED_FACE ( 'NONE', ( #1874 ), #202, .T. ) ;
#1502 = VECTOR ( 'NONE', #447, 1000.000000000000000 ) ;
#1503 = CARTESIAN_POINT ( 'NONE',  ( 4.349999999999999645, 3.924999999999999822, -23.52999999999999758 ) ) ;
#1504 = EDGE_CURVE ( 'NONE', #8, #1599, #596, .T. ) ;
#1505 = DIRECTION ( 'NONE',  ( 0.000000000000000000, 0.000000000000000000, 1.000000000000000000 ) ) ;
#1506 = VECTOR ( 'NONE', #2375, 1000.000000000000000 ) ;
#1507 = DIRECTION ( 'NONE',  ( 0.000000000000000000, 0.000000000000000000, 1.000000000000000000 ) ) ;
#1508 = EDGE_LOOP ( 'NONE', ( #751, #80, #546, #567 ) ) ;
#1509 = DIRECTION ( 'NONE',  ( -1.000000000000000000, 0.000000000000000000, 0.000000000000000000 ) ) ;
#1510 = DIRECTION ( 'NONE',  ( 0.9843214110730050814, -0.1763841254287017712, 0.000000000000000000 ) ) ;
#1511 = DIRECTION ( 'NONE',  ( 0.000000000000000000, 0.000000000000000000, 1.000000000000000000 ) ) ;
#1512 = DIRECTION ( 'NONE',  ( 0.000000000000000000, 0.000000000000000000, -1.000000000000000000 ) ) ;
#1513 = EDGE_LOOP ( 'NONE', ( #721, #979, #1349, #391 ) ) ;
#1514 = CARTESIAN_POINT ( 'NONE',  ( 3.250000000000000444, 8.139999999999998792, -10.00000000000000000 ) ) ;
#1515 = ORIENTED_EDGE ( 'NONE', *, *, #1768, .T. ) ;
#1516 = DIRECTION ( 'NONE',  ( 0.000000000000000000, -0.000000000000000000, -1.000000000000000000 ) ) ;
#1517 = CARTESIAN_POINT ( 'NONE',  ( 7.865000000000000213, 0.000000000000000000, -4.549999999999999822 ) ) ;
#1518 = DIRECTION ( 'NONE',  ( 1.000000000000000000, 0.000000000000000000, 0.000000000000000000 ) ) ;
#1519 = ORIENTED_EDGE ( 'NONE', *, *, #144, .T. ) ;
#1520 = CARTESIAN_POINT ( 'NONE',  ( 9.099999999999999645, 0.2200000000000000011, 0.000000000000000000 ) ) ;
#1521 = PLANE ( 'NONE',  #220 ) ;
#1522 = CARTESIAN_POINT ( 'NONE',  ( -8.364999999999998437, 0.2200000000000000011, -6.100000000000000533 ) ) ;
#1523 = EDGE_LOOP ( 'NONE', ( #1934, #1025, #2315, #941 ) ) ;
#1524 = DIRECTION ( 'NONE',  ( 0.000000000000000000, -1.000000000000000000, 0.000000000000000000 ) ) ;
#1525 = EDGE_LOOP ( 'NONE', ( #1098, #1132 ) ) ;
#1526 = DIRECTION ( 'NONE',  ( 0.9843214110730050814, -0.1763841254287017712, 0.000000000000000000 ) ) ;
#1527 = CARTESIAN_POINT ( 'NONE',  ( 8.300000000000000711, 8.139999999999998792, 0.000000000000000000 ) ) ;
#1528 = ORIENTED_EDGE ( 'NONE', *, *, #215, .F. ) ;
#1529 = LINE ( 'NONE', #766, #95 ) ;
#1530 = EDGE_CURVE ( 'NONE', #1756, #2252, #1860, .T. ) ;
#1531 = CARTESIAN_POINT ( 'NONE',  ( -10.92006769424999924, 0.000000000000000000, -16.15000000000000213 ) ) ;
#1532 = DIRECTION ( 'NONE',  ( 0.000000000000000000, -1.000000000000000000, 0.000000000000000000 ) ) ;
#1533 = CARTESIAN_POINT ( 'NONE',  ( -8.364999999999998437, 0.2200000000000000011, -14.59999999999999964 ) ) ;
#1534 = ORIENTED_EDGE ( 'NONE', *, *, #1137, .F. ) ;
#1535 = CARTESIAN_POINT ( 'NONE',  ( 8.364999999999998437, 0.2200000000000000011, -1.899999999999999911 ) ) ;
#1536 = ORIENTED_EDGE ( 'NONE', *, *, #2110, .T. ) ;
#1537 = AXIS2_PLACEMENT_3D ( 'NONE', #2346, #437, #59 ) ;
#1538 = AXIS2_PLACEMENT_3D ( 'NONE', #1886, #1731, #2312 ) ;
#1539 = CARTESIAN_POINT ( 'NONE',  ( -8.364999999999998437, 0.000000000000000000, -16.15000000000000213 ) ) ;
#1540 = DIRECTION ( 'NONE',  ( 0.000000000000000000, 0.000000000000000000, 1.000000000000000000 ) ) ;
#1541 = CIRCLE ( 'NONE', #1156, 7.530000000000001137 ) ;
#1542 = VECTOR ( 'NONE', #1375, 1000.000000000000000 ) ;
#1543 = CIRCLE ( 'NONE', #2220, 1.299999999999999156 ) ;
#1544 = ORIENTED_EDGE ( 'NONE', *, *, #2390, .F. ) ;
#1545 = CARTESIAN_POINT ( 'NONE',  ( -7.865000000000000213, -3.449999999999999734, -3.449999999999999734 ) ) ;
#1546 = AXIS2_PLACEMENT_3D ( 'NONE', #1851, #1507, #2026 ) ;
#1547 = EDGE_CURVE ( 'NONE', #662, #2039, #795, .T. ) ;
#1548 = CARTESIAN_POINT ( 'NONE',  ( 0.000000000000000000, 4.890000000000000568, -20.60999999999999943 ) ) ;
#1549 = CIRCLE ( 'NONE', #1781, 0.5499999999999983791 ) ;
#1550 = DIRECTION ( 'NONE',  ( 0.000000000000000000, -1.000000000000000000, 0.000000000000000000 ) ) ;
#1551 = ADVANCED_FACE ( 'NONE', ( #243 ), #450, .T. ) ;
#1552 = ORIENTED_EDGE ( 'NONE', *, *, #653, .F. ) ;
#1553 = CARTESIAN_POINT ( 'NONE',  ( 8.364999999999998437, 0.2200000000000000011, -6.100000000000000533 ) ) ;
#1554 = ORIENTED_EDGE ( 'NONE', *, *, #1724, .F. ) ;
#1555 = CARTESIAN_POINT ( 'NONE',  ( 0.000000000000000000, 8.139999999999998792, -22.42180581256999972 ) ) ;
#1556 = LINE ( 'NONE', #1760, #1619 ) ;
#1557 = CARTESIAN_POINT ( 'NONE',  ( -7.865000000000000213, 0.2200000000000000011, -1.899999999999999911 ) ) ;
#1558 = ORIENTED_EDGE ( 'NONE', *, *, #1042, .F. ) ;
#1559 = DIRECTION ( 'NONE',  ( 1.000000000000000000, 0.000000000000000000, 0.000000000000000000 ) ) ;
#1560 = CARTESIAN_POINT ( 'NONE',  ( 0.000000000000000000, 8.139999999999998792, -20.60999999999999943 ) ) ;
#1561 = ORIENTED_EDGE ( 'NONE', *, *, #1785, .F. ) ;
#1562 =( LENGTH_UNIT ( ) NAMED_UNIT ( * ) SI_UNIT ( .MILLI., .METRE. ) );
#1563 = EDGE_CURVE ( 'NONE', #2146, #976, #2091, .T. ) ;
#1564 =( LENGTH_UNIT ( ) NAMED_UNIT ( * ) SI_UNIT ( .MILLI., .METRE. ) );
#1565 = DIRECTION ( 'NONE',  ( 0.000000000000000000, 0.000000000000000000, 1.000000000000000000 ) ) ;
#1566 = EDGE_LOOP ( 'NONE', ( #529, #1765, #1807, #2175 ) ) ;
#1567 = CARTESIAN_POINT ( 'NONE',  ( 6.806468129806999556, 13.55838799068000000, -20.60999999999999943 ) ) ;
#1568 = CARTESIAN_POINT ( 'NONE',  ( 9.099999999999999645, 0.2200000000000000011, -20.60999999999999943 ) ) ;
#1569 = LINE ( 'NONE', #1416, #381 ) ;
#1570 = VERTEX_POINT ( 'NONE', #818 ) ;
#1571 = FACE_OUTER_BOUND ( 'NONE', #593, .T. ) ;
#1572 = ORIENTED_EDGE ( 'NONE', *, *, #111, .T. ) ;
#1573 = EDGE_CURVE ( 'NONE', #644, #1960, #1697, .T. ) ;
#1574 = PLANE ( 'NONE',  #1980 ) ;
#1575 = CIRCLE ( 'NONE', #1228, 1.299999999999999156 ) ;
#1576 = SURFACE_STYLE_USAGE ( .BOTH. , #2306 ) ;
#1577 = EDGE_CURVE ( 'NONE', #662, #1160, #214, .T. ) ;
#1578 = ORIENTED_EDGE ( 'NONE', *, *, #396, .T. ) ;
#1579 = CARTESIAN_POINT ( 'NONE',  ( -10.92006769424999924, 0.000000000000000000, -18.80000000000000071 ) ) ;
#1580 = AXIS2_PLACEMENT_3D ( 'NONE', #1303, #1509, #594 ) ;
#1581 = AXIS2_PLACEMENT_3D ( 'NONE', #1481, #2239, #2269 ) ;
#1582 = CARTESIAN_POINT ( 'NONE',  ( 8.364999999999998437, 0.000000000000000000, -4.549999999999999822 ) ) ;
#1583 = FACE_OUTER_BOUND ( 'NONE', #1713, .T. ) ;
#1584 = VECTOR ( 'NONE', #456, 1000.000000000000000 ) ;
#1585 = ORIENTED_EDGE ( 'NONE', *, *, #1087, .T. ) ;
#1586 = AXIS2_PLACEMENT_3D ( 'NONE', #2211, #1297, #1274 ) ;
#1587 = DIRECTION ( 'NONE',  ( -1.000000000000000000, 0.000000000000000000, 0.000000000000000000 ) ) ;
#1588 = VECTOR ( 'NONE', #2368, 1000.000000000000000 ) ;
#1589 = CARTESIAN_POINT ( 'NONE',  ( 0.000000000000000000, 8.139999999999998792, -10.00000000000000000 ) ) ;
#1590 = EDGE_LOOP ( 'NONE', ( #1097, #1188, #1348, #1023, #180, #655, #2303 ) ) ;
#1591 = FACE_BOUND ( 'NONE', #1280, .T. ) ;
#1592 = EDGE_CURVE ( 'NONE', #510, #2128, #996, .T. ) ;
#1593 = EDGE_CURVE ( 'NONE', #479, #102, #1148, .T. ) ;
#1594 = LINE ( 'NONE', #2355, #1809 ) ;
#1595 = ORIENTED_EDGE ( 'NONE', *, *, #375, .T. ) ;
#1596 =( NAMED_UNIT ( * ) PLANE_ANGLE_UNIT ( ) SI_UNIT ( $, .RADIAN. ) );
#1597 = CARTESIAN_POINT ( 'NONE',  ( 8.300000000000000711, 8.139999999999998792, 0.000000000000000000 ) ) ;
#1598 = LINE ( 'NONE', #389, #1395 ) ;
#1599 = VERTEX_POINT ( 'NONE', #228 ) ;
#1600 = DIRECTION ( 'NONE',  ( 1.000000000000000000, 0.000000000000000000, 0.000000000000000000 ) ) ;
#1601 = CARTESIAN_POINT ( 'NONE',  ( -5.700000000000000178, 8.139999999999998792, -7.000000000000000000 ) ) ;
#1602 = EDGE_CURVE ( 'NONE', #1256, #1939, #975, .T. ) ;
#1603 = DIRECTION ( 'NONE',  ( 0.000000000000000000, -1.000000000000000000, 0.000000000000000000 ) ) ;
#1604 = VERTEX_POINT ( 'NONE', #987 ) ;
#1605 = DIRECTION ( 'NONE',  ( 1.000000000000000000, 0.000000000000000000, 0.000000000000000000 ) ) ;
#1606 = EDGE_CURVE ( 'NONE', #415, #2441, #1887, .T. ) ;
#1607 = ORIENTED_EDGE ( 'NONE', *, *, #1293, .F. ) ;
#1608 = LINE ( 'NONE', #872, #1975 ) ;
#1609 = CLOSED_SHELL ( 'NONE', ( #1237, #1146, #1030, #278, #1898, #2093, #1687, #2437, #332, #1168, #830, #2365, #2032, #455, #364, #31, #2165, #2046, #1074, #73, #2356, #691, #618, #1020, #2111, #1714, #176, #2187 ) ) ;
#1610 = LINE ( 'NONE', #1434, #1201 ) ;
#1611 = ORIENTED_EDGE ( 'NONE', *, *, #981, .T. ) ;
#1612 = CARTESIAN_POINT ( 'NONE',  ( -9.099999999999999645, 0.2200000000000000011, 0.000000000000000000 ) ) ;
#1613 = AXIS2_PLACEMENT_3D ( 'NONE', #647, #1397, #113 ) ;
#1614 = DIRECTION ( 'NONE',  ( 0.000000000000000000, 0.000000000000000000, 1.000000000000000000 ) ) ;
#1615 = AXIS2_PLACEMENT_3D ( 'NONE', #1382, #2344, #670 ) ;
#1616 = VERTEX_POINT ( 'NONE', #2286 ) ;
#1617 = AXIS2_PLACEMENT_3D ( 'NONE', #1453, #2077, #380 ) ;
#1618 = ORIENTED_EDGE ( 'NONE', *, *, #27, .T. ) ;
#1619 = VECTOR ( 'NONE', #642, 1000.000000000000000 ) ;
#1620 = PRODUCT_RELATED_PRODUCT_CATEGORY ( 'part', '', ( #1996 ) ) ;
#1621 = EDGE_CURVE ( 'NONE', #2039, #1185, #2107, .T. ) ;
#1622 = AXIS2_PLACEMENT_3D ( 'NONE', #367, #410, #777 ) ;
#1623 = VERTEX_POINT ( 'NONE', #2313 ) ;
#1624 = DIRECTION ( 'NONE',  ( 0.000000000000000000, -0.000000000000000000, -1.000000000000000000 ) ) ;
#1625 = CARTESIAN_POINT ( 'NONE',  ( -4.150000000000000355, 8.139999999999998792, -10.00000000000000000 ) ) ;
#1626 = VECTOR ( 'NONE', #2100, 1000.000000000000000 ) ;
#1627 = DIRECTION ( 'NONE',  ( 0.000000000000000000, 0.000000000000000000, -1.000000000000000000 ) ) ;
#1628 = ORIENTED_EDGE ( 'NONE', *, *, #575, .F. ) ;
#1629 = DIRECTION ( 'NONE',  ( 0.000000000000000000, 0.000000000000000000, 1.000000000000000000 ) ) ;
#1630 = VERTEX_POINT ( 'NONE', #2117 ) ;
#1631 = CARTESIAN_POINT ( 'NONE',  ( 8.364999999999998437, 0.000000000000000000, -6.100000000000000533 ) ) ;
#1632 = DIRECTION ( 'NONE',  ( 0.000000000000000000, 0.000000000000000000, -1.000000000000000000 ) ) ;
#1633 = EDGE_LOOP ( 'NONE', ( #1449, #2049, #725, #525 ) ) ;
#1634 = CARTESIAN_POINT ( 'NONE',  ( 7.865000000000000213, -3.449999999999999734, -4.000000000000000000 ) ) ;
#1635 = EDGE_CURVE ( 'NONE', #1723, #316, #101, .T. ) ;
#1636 = DIRECTION ( 'NONE',  ( 1.000000000000000000, 0.000000000000000000, 0.000000000000000000 ) ) ;
#1637 = ORIENTED_EDGE ( 'NONE', *, *, #575, .T. ) ;
#1638 = DIRECTION ( 'NONE',  ( 1.000000000000000000, 0.000000000000000000, 0.000000000000000000 ) ) ;
#1639 = CARTESIAN_POINT ( 'NONE',  ( -4.150000000000000355, 8.139999999999998792, -10.00000000000000000 ) ) ;
#1640 = DIRECTION ( 'NONE',  ( 0.000000000000000000, 0.000000000000000000, 1.000000000000000000 ) ) ;
#1641 = VERTEX_POINT ( 'NONE', #1166 ) ;
#1642 = DIRECTION ( 'NONE',  ( 0.8014154089485987509, 0.5981081359584988766, 0.000000000000000000 ) ) ;
#1643 = ORIENTED_EDGE ( 'NONE', *, *, #980, .T. ) ;
#1644 = APPLICATION_PROTOCOL_DEFINITION ( 'draft international standard', 'automotive_design', 1998, #1954 ) ;
#1645 = ORIENTED_EDGE ( 'NONE', *, *, #1701, .T. ) ;
#1646 = DIRECTION ( 'NONE',  ( 1.000000000000000000, 0.000000000000000000, 0.000000000000000000 ) ) ;
#1647 = EDGE_CURVE ( 'NONE', #2071, #15, #50, .T. ) ;
#1648 = CARTESIAN_POINT ( 'NONE',  ( 4.349999999999999645, 12.35500000000000043, -20.60999999999999943 ) ) ;
#1649 = ORIENTED_EDGE ( 'NONE', *, *, #709, .F. ) ;
#1650 = ADVANCED_FACE ( 'NONE', ( #2070 ), #209, .F. ) ;
#1651 = ADVANCED_FACE ( 'NONE', ( #2242 ), #1301, .T. ) ;
#1652 = LINE ( 'NONE', #592, #1745 ) ;
#1653 = EDGE_LOOP ( 'NONE', ( #2394, #1135, #2264, #778 ) ) ;
#1654 = CARTESIAN_POINT ( 'NONE',  ( -8.364999999999998437, 0.000000000000000000, -17.25000000000000000 ) ) ;
#1655 = AXIS2_PLACEMENT_3D ( 'NONE', #1754, #1764, #284 ) ;
#1656 = UNCERTAINTY_MEASURE_WITH_UNIT (LENGTH_MEASURE( 1.000000000000000082E-05 ), #1783, 'distance_accuracy_value', 'NONE');
#1657 = AXIS2_PLACEMENT_3D ( 'NONE', #49, #1511, #782 ) ;
#1658 = DIRECTION ( 'NONE',  ( 0.000000000000000000, 0.000000000000000000, 1.000000000000000000 ) ) ;
#1659 = CARTESIAN_POINT ( 'NONE',  ( 0.000000000000000000, 0.000000000000000000, 0.000000000000000000 ) ) ;
#1660 = AXIS2_PLACEMENT_3D ( 'NONE', #2037, #1808, #1638 ) ;
#1661 = ORIENTED_EDGE ( 'NONE', *, *, #7, .F. ) ;
#1662 = AXIS2_PLACEMENT_3D ( 'NONE', #249, #1505, #2430 ) ;
#1663 = VECTOR ( 'NONE', #1716, 1000.000000000000000 ) ;
#1664 = DIRECTION ( 'NONE',  ( 0.000000000000000000, 1.000000000000000000, 0.000000000000000000 ) ) ;
#1665 = CIRCLE ( 'NONE', #630, 3.250000000000000444 ) ;
#1666 = VERTEX_POINT ( 'NONE', #383 ) ;
#1667 = DIRECTION ( 'NONE',  ( -0.000000000000000000, -0.000000000000000000, 1.000000000000000000 ) ) ;
#1668 = CARTESIAN_POINT ( 'NONE',  ( 0.000000000000000000, 8.139999999999998792, 0.000000000000000000 ) ) ;
#1669 = CARTESIAN_POINT ( 'NONE',  ( -9.099999999999999645, 0.2200000000000000011, -20.60999999999999943 ) ) ;
#1670 = VERTEX_POINT ( 'NONE', #2432 ) ;
#1671 = CARTESIAN_POINT ( 'NONE',  ( 6.806468129806999556, 13.55838799068000000, 0.000000000000000000 ) ) ;
#1672 = EDGE_CURVE ( 'NONE', #792, #543, #1652, .T. ) ;
#1673 = ADVANCED_FACE ( 'NONE', ( #541, #1289 ), #1279, .F. ) ;
#1674 = FACE_OUTER_BOUND ( 'NONE', #554, .T. ) ;
#1675 = CARTESIAN_POINT ( 'NONE',  ( -7.865000000000000213, 0.000000000000000000, -16.15000000000000213 ) ) ;
#1676 = DIRECTION ( 'NONE',  ( 0.000000000000000000, 1.000000000000000000, 0.000000000000000000 ) ) ;
#1677 = ORIENTED_EDGE ( 'NONE', *, *, #289, .F. ) ;
#1678 = DIRECTION ( 'NONE',  ( 0.000000000000000000, 0.000000000000000000, 1.000000000000000000 ) ) ;
#1679 = LINE ( 'NONE', #563, #2307 ) ;
#1680 = ORIENTED_EDGE ( 'NONE', *, *, #2296, .T. ) ;
#1681 = CARTESIAN_POINT ( 'NONE',  ( 7.865000000000000213, 0.000000000000000000, -18.80000000000000071 ) ) ;
#1682 = CARTESIAN_POINT ( 'NONE',  ( 4.150000000000000355, 8.139999999999998792, -10.00000000000000000 ) ) ;
#1683 = ORIENTED_EDGE ( 'NONE', *, *, #1729, .T. ) ;
#1684 = FACE_OUTER_BOUND ( 'NONE', #394, .T. ) ;
#1685 = PLANE ( 'NONE',  #2298 ) ;
#1686 = SURFACE_STYLE_USAGE ( .BOTH. , #2090 ) ;
#1687 = ADVANCED_FACE ( 'NONE', ( #740 ), #2270, .F. ) ;
#1688 = ORIENTED_EDGE ( 'NONE', *, *, #43, .F. ) ;
#1689 = PLANE ( 'NONE',  #627 ) ;
#1690 = EDGE_LOOP ( 'NONE', ( #1893, #322, #1401, #2409 ) ) ;
#1691 = DIRECTION ( 'NONE',  ( 0.000000000000000000, 0.000000000000000000, 1.000000000000000000 ) ) ;
#1692 = DIRECTION ( 'NONE',  ( 1.000000000000000000, 0.000000000000000000, -0.000000000000000000 ) ) ;
#1693 = ORIENTED_EDGE ( 'NONE', *, *, #85, .F. ) ;
#1694 = DIRECTION ( 'NONE',  ( 1.000000000000000000, 0.000000000000000000, 0.000000000000000000 ) ) ;
#1695 = DIRECTION ( 'NONE',  ( 0.000000000000000000, 0.000000000000000000, -1.000000000000000000 ) ) ;
#1696 = AXIS2_PLACEMENT_3D ( 'NONE', #2082, #919, #5 ) ;
#1697 = LINE ( 'NONE', #1347, #1818 ) ;
#1698 = STYLED_ITEM ( 'NONE', ( #1913 ), #550 ) ;
#1699 = ORIENTED_EDGE ( 'NONE', *, *, #680, .F. ) ;
#1700 = AXIS2_PLACEMENT_3D ( 'NONE', #1048, #1004, #1600 ) ;
#1701 = EDGE_CURVE ( 'NONE', #1833, #1923, #2038, .T. ) ;
#1702 = LINE ( 'NONE', #453, #347 ) ;
#1703 = DIRECTION ( 'NONE',  ( 0.000000000000000000, 0.000000000000000000, 1.000000000000000000 ) ) ;
#1704 = CIRCLE ( 'NONE', #2137, 4.150000000000000355 ) ;
#1705 = DIRECTION ( 'NONE',  ( 1.000000000000000000, 0.000000000000000000, 0.000000000000000000 ) ) ;
#1706 = LINE ( 'NONE', #1390, #698 ) ;
#1707 = ORIENTED_EDGE ( 'NONE', *, *, #360, .T. ) ;
#1708 = LINE ( 'NONE', #240, #2259 ) ;
#1709 = CARTESIAN_POINT ( 'NONE',  ( -3.250000000000000444, 8.139999999999998792, -10.00000000000000000 ) ) ;
#1710 = DIRECTION ( 'NONE',  ( 0.000000000000000000, -1.000000000000000000, 0.000000000000000000 ) ) ;
#1711 = ORIENTED_EDGE ( 'NONE', *, *, #175, .T. ) ;
#1712 = CYLINDRICAL_SURFACE ( 'NONE', #1822, 0.5499999999999983791 ) ;
#1713 = EDGE_LOOP ( 'NONE', ( #119, #1205, #1578, #2019 ) ) ;
#1714 = ADVANCED_FACE ( 'NONE', ( #1124 ), #1010, .F. ) ;
#1715 = FACE_OUTER_BOUND ( 'NONE', #808, .T. ) ;
#1716 = DIRECTION ( 'NONE',  ( 1.000000000000000000, 0.000000000000000000, 0.000000000000000000 ) ) ;
#1717 = EDGE_LOOP ( 'NONE', ( #1536, #632, #1091, #56 ) ) ;
#1718 = DIRECTION ( 'NONE',  ( 0.1763841254287010496, 0.9843214110730053035, 0.000000000000000000 ) ) ;
#1719 = DIRECTION ( 'NONE',  ( 1.000000000000000000, 0.000000000000000000, 0.000000000000000000 ) ) ;
#1720 = CARTESIAN_POINT ( 'NONE',  ( 6.034658029382999445, 12.64375426377000089, 0.000000000000000000 ) ) ;
#1721 = ORIENTED_EDGE ( 'NONE', *, *, #401, .F. ) ;
#1722 = DIRECTION ( 'NONE',  ( 0.1763841254287010496, 0.9843214110730053035, 0.000000000000000000 ) ) ;
#1723 = VERTEX_POINT ( 'NONE', #1494 ) ;
#1724 = EDGE_CURVE ( 'NONE', #976, #1641, #1827, .T. ) ;
#1725 = ORIENTED_EDGE ( 'NONE', *, *, #1454, .T. ) ;
#1726 = PLANE ( 'NONE',  #1580 ) ;
#1727 = UNCERTAINTY_MEASURE_WITH_UNIT (LENGTH_MEASURE( 1.000000000000000082E-05 ), #2424, 'distance_accuracy_value', 'NONE');
#1728 = EDGE_CURVE ( 'NONE', #660, #792, #1330, .T. ) ;
#1729 = EDGE_CURVE ( 'NONE', #1256, #1666, #1134, .T. ) ;
#1730 = DIRECTION ( 'NONE',  ( 1.000000000000000000, 0.000000000000000000, 0.000000000000000000 ) ) ;
#1731 = DIRECTION ( 'NONE',  ( 0.000000000000000000, 0.000000000000000000, 1.000000000000000000 ) ) ;
#1732 = DIRECTION ( 'NONE',  ( 0.000000000000000000, 0.000000000000000000, -1.000000000000000000 ) ) ;
#1733 = ORIENTED_EDGE ( 'NONE', *, *, #2219, .F. ) ;
#1734 = CARTESIAN_POINT ( 'NONE',  ( -5.700000000000000178, 8.139999999999998792, 3.000000000000000000 ) ) ;
#1735 = EDGE_LOOP ( 'NONE', ( #1878, #1937, #1284, #564 ) ) ;
#1736 = CIRCLE ( 'NONE', #2055, 7.530000000000001137 ) ;
#1737 = VECTOR ( 'NONE', #2323, 1000.000000000000000 ) ;
#1738 = CARTESIAN_POINT ( 'NONE',  ( 7.799999999999999822, 12.72000000000000064, -20.60999999999999943 ) ) ;
#1739 = CYLINDRICAL_SURFACE ( 'NONE', #583, 3.250000000000000444 ) ;
#1740 = VECTOR ( 'NONE', #714, 1000.000000000000000 ) ;
#1741 = LINE ( 'NONE', #1557, #2342 ) ;
#1742 = CIRCLE ( 'NONE', #1233, 5.700000000000000178 ) ;
#1743 = ORIENTED_EDGE ( 'NONE', *, *, #234, .T. ) ;
#1744 = FACE_OUTER_BOUND ( 'NONE', #2184, .T. ) ;
#1745 = VECTOR ( 'NONE', #398, 1000.000000000000000 ) ;
#1746 = FACE_OUTER_BOUND ( 'NONE', #2124, .T. ) ;
#1747 = EDGE_CURVE ( 'NONE', #2221, #482, #14, .T. ) ;
#1748 = EDGE_CURVE ( 'NONE', #2434, #660, #195, .T. ) ;
#1749 = EDGE_LOOP ( 'NONE', ( #246, #159, #1500, #1677, #230, #1320, #1298, #862, #2326, #2281 ) ) ;
#1750 = ORIENTED_EDGE ( 'NONE', *, *, #2283, .F. ) ;
#1751 = FILL_AREA_STYLE_COLOUR ( '', #428 ) ;
#1752 = EDGE_LOOP ( 'NONE', ( #1595, #931 ) ) ;
#1753 = DIRECTION ( 'NONE',  ( 0.000000000000000000, 1.025063872168112953E-14, 1.000000000000000000 ) ) ;
#1754 = CARTESIAN_POINT ( 'NONE',  ( -10.92006769424999924, -3.449999999999999734, -16.15000000000000213 ) ) ;
#1755 = EDGE_CURVE ( 'NONE', #1460, #2309, #1704, .T. ) ;
#1756 = VERTEX_POINT ( 'NONE', #2229 ) ;
#1757 = CARTESIAN_POINT ( 'NONE',  ( 7.865000000000000213, 0.2200000000000000011, -1.899999999999999911 ) ) ;
#1758 = EDGE_LOOP ( 'NONE', ( #977, #340, #883, #796, #1477, #1952, #914, #1267, #435, #898 ) ) ;
#1759 = EDGE_CURVE ( 'NONE', #2309, #787, #1839, .T. ) ;
#1760 = CARTESIAN_POINT ( 'NONE',  ( 7.865000000000000213, 0.2200000000000000011, -6.100000000000000533 ) ) ;
#1761 = DIRECTION ( 'NONE',  ( 1.000000000000000000, 0.000000000000000000, 0.000000000000000000 ) ) ;
#1762 = ORIENTED_EDGE ( 'NONE', *, *, #1311, .T. ) ;
#1763 = DIRECTION ( 'NONE',  ( 1.000000000000000000, 0.000000000000000000, -0.000000000000000000 ) ) ;
#1764 = DIRECTION ( 'NONE',  ( 0.000000000000000000, 0.000000000000000000, -1.000000000000000000 ) ) ;
#1765 = ORIENTED_EDGE ( 'NONE', *, *, #527, .T. ) ;
#1766 = PRESENTATION_STYLE_ASSIGNMENT (( #1803 ) ) ;
#1767 = ADVANCED_FACE ( 'NONE', ( #916 ), #930, .F. ) ;
#1768 = EDGE_CURVE ( 'NONE', #1902, #415, #764, .T. ) ;
#1769 = AXIS2_PLACEMENT_3D ( 'NONE', #1560, #1187, #252 ) ;
#1770 = DIRECTION ( 'NONE',  ( 0.000000000000000000, 0.000000000000000000, 1.000000000000000000 ) ) ;
#1771 = CIRCLE ( 'NONE', #17, 3.249999999999999556 ) ;
#1772 = CARTESIAN_POINT ( 'NONE',  ( -7.865000000000000213, 0.000000000000000000, -6.100000000000000533 ) ) ;
#1773 = ORIENTED_EDGE ( 'NONE', *, *, #788, .T. ) ;
#1774 = LINE ( 'NONE', #1026, #1502 ) ;
#1775 = VECTOR ( 'NONE', #400, 1000.000000000000000 ) ;
#1776 =( GEOMETRIC_REPRESENTATION_CONTEXT ( 3 ) GLOBAL_UNCERTAINTY_ASSIGNED_CONTEXT ( ( #1727 ) ) GLOBAL_UNIT_ASSIGNED_CONTEXT ( ( #2424, #1486, #142 ) ) REPRESENTATION_CONTEXT ( 'NONE', 'WORKASPACE' ) );
#1777 = CIRCLE ( 'NONE', #2379, 4.150000000000000355 ) ;
#1778 = CARTESIAN_POINT ( 'NONE',  ( -8.364999999999998437, 0.2200000000000000011, -6.100000000000000533 ) ) ;
#1779 = VECTOR ( 'NONE', #1907, 1000.000000000000000 ) ;
#1780 = VERTEX_POINT ( 'NONE', #1527 ) ;
#1781 = AXIS2_PLACEMENT_3D ( 'NONE', #1099, #1646, #2428 ) ;
#1782 = CARTESIAN_POINT ( 'NONE',  ( 7.865000000000000213, -3.449999999999999734, -17.25000000000000000 ) ) ;
#1783 =( LENGTH_UNIT ( ) NAMED_UNIT ( * ) SI_UNIT ( .MILLI., .METRE. ) );
#1784 = DIRECTION ( 'NONE',  ( 0.000000000000000000, 0.000000000000000000, 1.000000000000000000 ) ) ;
#1785 = EDGE_CURVE ( 'NONE', #1666, #1888, #1706, .T. ) ;
#1786 = CARTESIAN_POINT ( 'NONE',  ( 0.000000000000000000, 8.139999999999998792, -10.00000000000000000 ) ) ;
#1787 = ORIENTED_EDGE ( 'NONE', *, *, #99, .T. ) ;
#1788 = DIRECTION ( 'NONE',  ( -0.000000000000000000, 1.000000000000000000, 0.000000000000000000 ) ) ;
#1789 = DIRECTION ( 'NONE',  ( 1.000000000000000000, 0.000000000000000000, -0.000000000000000000 ) ) ;
#1790 = ORIENTED_EDGE ( 'NONE', *, *, #1475, .T. ) ;
#1791 = EDGE_LOOP ( 'NONE', ( #1180, #538, #1828, #1848 ) ) ;
#1792 = FILL_AREA_STYLE_COLOUR ( '', #2141 ) ;
#1793 = ORIENTED_EDGE ( 'NONE', *, *, #1959, .T. ) ;
#1794 = CARTESIAN_POINT ( 'NONE',  ( -10.92006769424999924, 0.000000000000000000, -17.25000000000000000 ) ) ;
#1795 = ADVANCED_FACE ( 'NONE', ( #2292 ), #654, .F. ) ;
#1796 = PLANE ( 'NONE',  #1425 ) ;
#1797 = VERTEX_POINT ( 'NONE', #1184 ) ;
#1798 = LINE ( 'NONE', #907, #128 ) ;
#1799 = EDGE_CURVE ( 'NONE', #1875, #8, #1892, .T. ) ;
#1800 = ORIENTED_EDGE ( 'NONE', *, *, #816, .T. ) ;
#1801 = CARTESIAN_POINT ( 'NONE',  ( 0.000000000000000000, 0.000000000000000000, 0.000000000000000000 ) ) ;
#1802 = ORIENTED_EDGE ( 'NONE', *, *, #1137, .T. ) ;
#1803 = SURFACE_STYLE_USAGE ( .BOTH. , #2350 ) ;
#1804 = LINE ( 'NONE', #937, #1040 ) ;
#1805 = VECTOR ( 'NONE', #2073, 1000.000000000000000 ) ;
#1806 = DIRECTION ( 'NONE',  ( 1.000000000000000000, 0.000000000000000000, -0.000000000000000000 ) ) ;
#1807 = ORIENTED_EDGE ( 'NONE', *, *, #170, .T. ) ;
#1808 = DIRECTION ( 'NONE',  ( -0.000000000000000000, 1.000000000000000000, 0.000000000000000000 ) ) ;
#1809 = VECTOR ( 'NONE', #1415, 1000.000000000000000 ) ;
#1810 = CARTESIAN_POINT ( 'NONE',  ( -5.700000000000000178, 8.139999999999998792, 0.000000000000000000 ) ) ;
#1811 = AXIS2_PLACEMENT_3D ( 'NONE', #1107, #1496, #2072 ) ;
#1812 = VERTEX_POINT ( 'NONE', #1933 ) ;
#1813 = CIRCLE ( 'NONE', #1159, 4.150000000000000355 ) ;
#1814 = EDGE_CURVE ( 'NONE', #1830, #203, #1380, .T. ) ;
#1815 = ORIENTED_EDGE ( 'NONE', *, *, #512, .T. ) ;
#1816 = DIRECTION ( 'NONE',  ( 1.000000000000000000, 0.000000000000000000, 0.000000000000000000 ) ) ;
#1817 =( LENGTH_UNIT ( ) NAMED_UNIT ( * ) SI_UNIT ( .MILLI., .METRE. ) );
#1818 = VECTOR ( 'NONE', #805, 1000.000000000000000 ) ;
#1819 =( GEOMETRIC_REPRESENTATION_CONTEXT ( 3 ) GLOBAL_UNCERTAINTY_ASSIGNED_CONTEXT ( ( #715 ) ) GLOBAL_UNIT_ASSIGNED_CONTEXT ( ( #258, #600, #236 ) ) REPRESENTATION_CONTEXT ( 'NONE', 'WORKASPACE' ) );
#1820 = ORIENTED_EDGE ( 'NONE', *, *, #1333, .T. ) ;
#1821 = DIRECTION ( 'NONE',  ( 1.000000000000000000, 0.000000000000000000, 0.000000000000000000 ) ) ;
#1822 = AXIS2_PLACEMENT_3D ( 'NONE', #1141, #432, #245 ) ;
#1823 = DIRECTION ( 'NONE',  ( 0.000000000000000000, 0.000000000000000000, -1.000000000000000000 ) ) ;
#1824 = ORIENTED_EDGE ( 'NONE', *, *, #429, .T. ) ;
#1825 = FACE_BOUND ( 'NONE', #876, .T. ) ;
#1826 = LINE ( 'NONE', #1639, #174 ) ;
#1827 = LINE ( 'NONE', #1869, #2063 ) ;
#1828 = ORIENTED_EDGE ( 'NONE', *, *, #2297, .T. ) ;
#1829 = CARTESIAN_POINT ( 'NONE',  ( 0.000000000000000000, 8.139999999999998792, 0.000000000000000000 ) ) ;
#1830 = VERTEX_POINT ( 'NONE', #33 ) ;
#1831 = DIRECTION ( 'NONE',  ( 1.000000000000000000, 0.000000000000000000, 0.000000000000000000 ) ) ;
#1832 = EDGE_CURVE ( 'NONE', #1151, #1971, #55, .T. ) ;
#1833 = VERTEX_POINT ( 'NONE', #420 ) ;
#1834 = DIRECTION ( 'NONE',  ( 1.000000000000000000, 0.000000000000000000, 0.000000000000000000 ) ) ;
#1835 = EDGE_CURVE ( 'NONE', #1833, #1623, #1741, .T. ) ;
#1836 = DIRECTION ( 'NONE',  ( 1.000000000000000000, 0.000000000000000000, 0.000000000000000000 ) ) ;
#1837 = ORIENTED_EDGE ( 'NONE', *, *, #143, .F. ) ;
#1838 = DIRECTION ( 'NONE',  ( 1.000000000000000000, 0.000000000000000000, 0.000000000000000000 ) ) ;
#1839 = LINE ( 'NONE', #1682, #1359 ) ;
#1840 = ORIENTED_EDGE ( 'NONE', *, *, #911, .F. ) ;
#1841 = DIRECTION ( 'NONE',  ( 0.000000000000000000, 0.000000000000000000, 1.000000000000000000 ) ) ;
#1842 = CARTESIAN_POINT ( 'NONE',  ( -8.364999999999998437, 0.2200000000000000011, -14.59999999999999964 ) ) ;
#1843 = ORIENTED_EDGE ( 'NONE', *, *, #487, .T. ) ;
#1844 = LINE ( 'NONE', #939, #746 ) ;
#1845 = EDGE_CURVE ( 'NONE', #244, #1294, #1341, .T. ) ;
#1846 = EDGE_CURVE ( 'NONE', #62, #2221, #1944, .T. ) ;
#1847 = PLANE ( 'NONE',  #390 ) ;
#1848 = ORIENTED_EDGE ( 'NONE', *, *, #1068, .T. ) ;
#1849 = CARTESIAN_POINT ( 'NONE',  ( -7.530000000000000249, 8.139999999999998792, 0.000000000000000000 ) ) ;
#1850 = DIRECTION ( 'NONE',  ( 0.000000000000000000, 0.000000000000000000, 1.000000000000000000 ) ) ;
#1851 = CARTESIAN_POINT ( 'NONE',  ( 0.000000000000000000, 8.139999999999998792, -22.42180581256999972 ) ) ;
#1852 = EDGE_LOOP ( 'NONE', ( #806, #41, #703, #1085 ) ) ;
#1853 = PLANE ( 'NONE',  #2060 ) ;
#1854 = CIRCLE ( 'NONE', #1191, 4.150000000000000355 ) ;
#1855 = DIRECTION ( 'NONE',  ( 1.000000000000000000, 0.000000000000000000, 0.000000000000000000 ) ) ;
#1856 = SHAPE_DEFINITION_REPRESENTATION ( #1861, #2161 ) ;
#1857 = CARTESIAN_POINT ( 'NONE',  ( 0.000000000000000000, 8.139999999999998792, -21.48361162512999911 ) ) ;
#1858 = CIRCLE ( 'NONE', #923, 4.150000000000000355 ) ;
#1859 = ORIENTED_EDGE ( 'NONE', *, *, #854, .T. ) ;
#1860 = CIRCLE ( 'NONE', #853, 5.700000000000000178 ) ;
#1861 = PRODUCT_DEFINITION_SHAPE ( 'NONE', 'NONE',  #2068 ) ;
#1862 = VECTOR ( 'NONE', #1550, 1000.000000000000000 ) ;
#1863 = DIRECTION ( 'NONE',  ( 0.000000000000000000, 1.000000000000000000, 0.000000000000000000 ) ) ;
#1864 = VECTOR ( 'NONE', #1876, 1000.000000000000000 ) ;
#1865 = ORIENTED_EDGE ( 'NONE', *, *, #1417, .F. ) ;
#1866 = CARTESIAN_POINT ( 'NONE',  ( -7.530000000000000249, 8.139999999999998792, -20.60999999999999943 ) ) ;
#1867 = EDGE_CURVE ( 'NONE', #8, #2079, #238, .T. ) ;
#1868 = DIRECTION ( 'NONE',  ( 1.000000000000000000, 0.000000000000000000, 0.000000000000000000 ) ) ;
#1869 = CARTESIAN_POINT ( 'NONE',  ( 4.349999999999999645, 12.35500000000000043, -23.52999999999999758 ) ) ;
#1870 = ORIENTED_EDGE ( 'NONE', *, *, #770, .T. ) ;
#1871 = DIRECTION ( 'NONE',  ( 0.000000000000000000, 1.000000000000000000, 0.000000000000000000 ) ) ;
#1872 = CARTESIAN_POINT ( 'NONE',  ( 8.364999999999998437, 0.000000000000000000, -1.899999999999999911 ) ) ;
#1873 = LINE ( 'NONE', #1336, #1153 ) ;
#1874 = FACE_OUTER_BOUND ( 'NONE', #1633, .T. ) ;
#1875 = VERTEX_POINT ( 'NONE', #1194 ) ;
#1876 = DIRECTION ( 'NONE',  ( 0.000000000000000000, 0.000000000000000000, 1.000000000000000000 ) ) ;
#1877 = DIRECTION ( 'NONE',  ( 1.000000000000000000, 0.000000000000000000, 0.000000000000000000 ) ) ;
#1878 = ORIENTED_EDGE ( 'NONE', *, *, #1563, .F. ) ;
#1879 = CARTESIAN_POINT ( 'NONE',  ( 4.349999999999999645, 3.924999999999999822, -20.60999999999999943 ) ) ;
#1880 = DIRECTION ( 'NONE',  ( 1.000000000000000000, 0.000000000000000000, 0.000000000000000000 ) ) ;
#1881 = ORIENTED_EDGE ( 'NONE', *, *, #2152, .F. ) ;
#1882 = DIRECTION ( 'NONE',  ( 1.000000000000000000, 0.000000000000000000, 0.000000000000000000 ) ) ;
#1883 = CARTESIAN_POINT ( 'NONE',  ( 0.000000000000000000, 11.39000000000000057, -21.48361162512999911 ) ) ;
#1884 = EDGE_CURVE ( 'NONE', #323, #316, #274, .T. ) ;
#1885 = ADVANCED_FACE ( 'NONE', ( #131, #683 ), #697, .F. ) ;
#1886 = CARTESIAN_POINT ( 'NONE',  ( 0.000000000000000000, 8.139999999999998792, -10.00000000000000000 ) ) ;
#1887 = LINE ( 'NONE', #2299, #1431 ) ;
#1888 = VERTEX_POINT ( 'NONE', #1772 ) ;
#1889 = CARTESIAN_POINT ( 'NONE',  ( 0.000000000000000000, 8.139999999999998792, -7.000000000000000000 ) ) ;
#1890 = CARTESIAN_POINT ( 'NONE',  ( 0.000000000000000000, 8.139999999999998792, -10.00000000000000000 ) ) ;
#1891 = FACE_OUTER_BOUND ( 'NONE', #1260, .T. ) ;
#1892 = LINE ( 'NONE', #614, #2101 ) ;
#1893 = ORIENTED_EDGE ( 'NONE', *, *, #1181, .T. ) ;
#1894 = CARTESIAN_POINT ( 'NONE',  ( 4.150000000000000355, 8.139999999999998792, -7.000000000000000000 ) ) ;
#1895 = LINE ( 'NONE', #1883, #771 ) ;
#1896 =( NAMED_UNIT ( * ) SI_UNIT ( $, .STERADIAN. ) SOLID_ANGLE_UNIT ( ) );
#1897 = CARTESIAN_POINT ( 'NONE',  ( 7.865000000000000213, 0.2200000000000000011, -1.899999999999999911 ) ) ;
#1898 = ADVANCED_FACE ( 'NONE', ( #514 ), #889, .T. ) ;
#1899 = AXIS2_PLACEMENT_3D ( 'NONE', #309, #1049, #1789 ) ;
#1900 = ORIENTED_EDGE ( 'NONE', *, *, #560, .T. ) ;
#1901 = CARTESIAN_POINT ( 'NONE',  ( -8.364999999999998437, 0.000000000000000000, -1.899999999999999911 ) ) ;
#1902 = VERTEX_POINT ( 'NONE', #305 ) ;
#1903 = CIRCLE ( 'NONE', #1811, 3.249999999999999556 ) ;
#1904 = FACE_OUTER_BOUND ( 'NONE', #1749, .T. ) ;
#1905 = VECTOR ( 'NONE', #2174, 1000.000000000000000 ) ;
#1906 =( GEOMETRIC_REPRESENTATION_CONTEXT ( 3 ) GLOBAL_UNCERTAINTY_ASSIGNED_CONTEXT ( ( #745 ) ) GLOBAL_UNIT_ASSIGNED_CONTEXT ( ( #1564, #1089, #718 ) ) REPRESENTATION_CONTEXT ( 'NONE', 'WORKASPACE' ) );
#1907 = DIRECTION ( 'NONE',  ( 0.000000000000000000, 0.000000000000000000, 1.000000000000000000 ) ) ;
#1908 = ORIENTED_EDGE ( 'NONE', *, *, #650, .F. ) ;
#1909 = LINE ( 'NONE', #2086, #1075 ) ;
#1910 = APPLICATION_CONTEXT ( 'automotive_design' ) ;
#1911 = VECTOR ( 'NONE', #860, 1000.000000000000000 ) ;
#1912 = LINE ( 'NONE', #387, #1805 ) ;
#1913 = PRESENTATION_STYLE_ASSIGNMENT (( #1686 ) ) ;
#1914 = DIRECTION ( 'NONE',  ( 1.000000000000000000, 0.000000000000000000, 0.000000000000000000 ) ) ;
#1915 = EDGE_LOOP ( 'NONE', ( #1366, #2002 ) ) ;
#1916 = ORIENTED_EDGE ( 'NONE', *, *, #2266, .F. ) ;
#1917 = EDGE_CURVE ( 'NONE', #792, #15, #1610, .T. ) ;
#1918 = FACE_OUTER_BOUND ( 'NONE', #769, .T. ) ;
#1919 = ADVANCED_FACE ( 'NONE', ( #1998 ), #1046, .T. ) ;
#1920 = EDGE_CURVE ( 'NONE', #1939, #1888, #2158, .T. ) ;
#1921 = CARTESIAN_POINT ( 'NONE',  ( 7.865000000000000213, 0.000000000000000000, -3.449999999999999734 ) ) ;
#1922 = CARTESIAN_POINT ( 'NONE',  ( -10.92006769424999924, -3.449999999999999734, -3.449999999999999734 ) ) ;
#1923 = VERTEX_POINT ( 'NONE', #1207 ) ;
#1924 = LINE ( 'NONE', #223, #2338 ) ;
#1925 = DIRECTION ( 'NONE',  ( 1.000000000000000000, 0.000000000000000000, 0.000000000000000000 ) ) ;
#1926 = DIRECTION ( 'NONE',  ( -0.6449138389820909811, -0.7642552847637900104, 0.000000000000000000 ) ) ;
#1927 = ORIENTED_EDGE ( 'NONE', *, *, #2328, .T. ) ;
#1928 = CYLINDRICAL_SURFACE ( 'NONE', #237, 5.700000000000000178 ) ;
#1929 = ORIENTED_EDGE ( 'NONE', *, *, #1948, .T. ) ;
#1930 = SURFACE_SIDE_STYLE ('',( #218 ) ) ;
#1931 =( NAMED_UNIT ( * ) PLANE_ANGLE_UNIT ( ) SI_UNIT ( $, .RADIAN. ) );
#1932 = EDGE_CURVE ( 'NONE', #581, #520, #861, .T. ) ;
#1933 = CARTESIAN_POINT ( 'NONE',  ( 7.865000000000000213, 0.000000000000000000, -18.80000000000000071 ) ) ;
#1934 = ORIENTED_EDGE ( 'NONE', *, *, #1724, .T. ) ;
#1935 = CARTESIAN_POINT ( 'NONE',  ( 7.865000000000000213, 0.000000000000000000, -6.100000000000000533 ) ) ;
#1936 = CARTESIAN_POINT ( 'NONE',  ( 0.000000000000000000, 8.139999999999998792, 0.000000000000000000 ) ) ;
#1937 = ORIENTED_EDGE ( 'NONE', *, *, #1454, .F. ) ;
#1938 = CARTESIAN_POINT ( 'NONE',  ( 8.364999999999998437, 0.2200000000000000011, -18.80000000000000071 ) ) ;
#1939 = VERTEX_POINT ( 'NONE', #845 ) ;
#1940 = VECTOR ( 'NONE', #331, 1000.000000000000000 ) ;
#1941 = DIRECTION ( 'NONE',  ( 0.9843214110730050814, -0.1763841254287017712, 0.000000000000000000 ) ) ;
#1942 = SURFACE_STYLE_FILL_AREA ( #1953 ) ;
#1943 = VECTOR ( 'NONE', #1171, 1000.000000000000000 ) ;
#1944 = LINE ( 'NONE', #1157, #1779 ) ;
#1945 = VECTOR ( 'NONE', #695, 1000.000000000000000 ) ;
#1946 = VERTEX_POINT ( 'NONE', #481 ) ;
#1947 = DIRECTION ( 'NONE',  ( 0.000000000000000000, 0.000000000000000000, -1.000000000000000000 ) ) ;
#1948 = EDGE_CURVE ( 'NONE', #2154, #520, #281, .T. ) ;
#1949 = DIRECTION ( 'NONE',  ( 1.000000000000000000, 0.000000000000000000, 0.000000000000000000 ) ) ;
#1950 = VECTOR ( 'NONE', #809, 1000.000000000000000 ) ;
#1951 = ORIENTED_EDGE ( 'NONE', *, *, #1376, .T. ) ;
#1952 = ORIENTED_EDGE ( 'NONE', *, *, #709, .T. ) ;
#1953 = FILL_AREA_STYLE ('',( #1751 ) ) ;
#1954 = APPLICATION_CONTEXT ( 'automotive_design' ) ;
#1955 = DIRECTION ( 'NONE',  ( 0.000000000000000000, -1.000000000000000000, 0.000000000000000000 ) ) ;
#1956 = EDGE_LOOP ( 'NONE', ( #521, #140, #602, #1053 ) ) ;
#1957 = DIRECTION ( 'NONE',  ( 0.000000000000000000, 1.000000000000000000, 0.000000000000000000 ) ) ;
#1958 = CARTESIAN_POINT ( 'NONE',  ( 0.000000000000000000, 11.39000000000000057, -20.60999999999999943 ) ) ;
#1959 = EDGE_CURVE ( 'NONE', #2146, #482, #1962, .T. ) ;
#1960 = VERTEX_POINT ( 'NONE', #491 ) ;
#1961 = CARTESIAN_POINT ( 'NONE',  ( -10.92006769424999924, -3.449999999999999734, -3.449999999999999734 ) ) ;
#1962 = LINE ( 'NONE', #291, #1465 ) ;
#1963 = ORIENTED_EDGE ( 'NONE', *, *, #2327, .F. ) ;
#1964 = CARTESIAN_POINT ( 'NONE',  ( -7.865000000000000213, -3.449999999999999734, -17.25000000000000000 ) ) ;
#1965 = DIRECTION ( 'NONE',  ( 0.000000000000000000, 0.000000000000000000, 1.000000000000000000 ) ) ;
#1966 = ORIENTED_EDGE ( 'NONE', *, *, #1530, .F. ) ;
#1967 = EDGE_CURVE ( 'NONE', #508, #765, #1032, .T. ) ;
#1968 = SURFACE_STYLE_USAGE ( .BOTH. , #117 ) ;
#1969 = CIRCLE ( 'NONE', #1537, 4.150000000000000355 ) ;
#1970 =( NAMED_UNIT ( * ) SI_UNIT ( $, .STERADIAN. ) SOLID_ANGLE_UNIT ( ) );
#1971 = VERTEX_POINT ( 'NONE', #1479 ) ;
#1972 = DIRECTION ( 'NONE',  ( -0.000000000000000000, 1.000000000000000000, 0.000000000000000000 ) ) ;
#1973 = VECTOR ( 'NONE', #903, 1000.000000000000000 ) ;
#1974 = PRODUCT_DEFINITION_FORMATION_WITH_SPECIFIED_SOURCE ( 'ANY', '', #1996, .NOT_KNOWN. ) ;
#1975 = VECTOR ( 'NONE', #949, 1000.000000000000000 ) ;
#1976 = DIRECTION ( 'NONE',  ( 0.000000000000000000, 0.000000000000000000, 1.000000000000000000 ) ) ;
#1977 = CARTESIAN_POINT ( 'NONE',  ( -7.865000000000000213, 0.000000000000000000, -14.59999999999999964 ) ) ;
#1978 = VECTOR ( 'NONE', #1823, 1000.000000000000000 ) ;
#1979 = ORIENTED_EDGE ( 'NONE', *, *, #1867, .T. ) ;
#1980 = AXIS2_PLACEMENT_3D ( 'NONE', #1464, #1834, #146 ) ;
#1981 = CARTESIAN_POINT ( 'NONE',  ( -4.349999999999999645, 3.924999999999999822, -23.52999999999999758 ) ) ;
#1982 = APPLICATION_CONTEXT ( 'automotive_design' ) ;
#1983 = ORIENTED_EDGE ( 'NONE', *, *, #816, .F. ) ;
#1984 = EDGE_CURVE ( 'NONE', #23, #531, #378, .T. ) ;
#1985 = LINE ( 'NONE', #511, #502 ) ;
#1986 = EDGE_CURVE ( 'NONE', #1902, #1144, #191, .T. ) ;
#1987 = ADVANCED_FACE ( 'NONE', ( #2047 ), #1689, .T. ) ;
#1988 = ORIENTED_EDGE ( 'NONE', *, *, #2087, .T. ) ;
#1989 = CARTESIAN_POINT ( 'NONE',  ( 0.000000000000000000, 0.000000000000000000, 0.000000000000000000 ) ) ;
#1990 = PLANE ( 'NONE',  #298 ) ;
#1991 = ORIENTED_EDGE ( 'NONE', *, *, #1530, .T. ) ;
#1992 = LINE ( 'NONE', #321, #879 ) ;
#1993 = DIRECTION ( 'NONE',  ( 1.000000000000000000, 0.000000000000000000, 0.000000000000000000 ) ) ;
#1994 = ORIENTED_EDGE ( 'NONE', *, *, #680, .T. ) ;
#1995 = DIRECTION ( 'NONE',  ( 0.000000000000000000, 0.000000000000000000, -1.000000000000000000 ) ) ;
#1996 = PRODUCT ( 'NMJ4HCD2', 'NMJ4HCD2', '', ( #1086 ) ) ;
#1997 = FACE_OUTER_BOUND ( 'NONE', #1190, .T. ) ;
#1998 = FACE_OUTER_BOUND ( 'NONE', #1852, .T. ) ;
#1999 = ORIENTED_EDGE ( 'NONE', *, *, #199, .T. ) ;
#2000 = EDGE_CURVE ( 'NONE', #1037, #2138, #2035, .T. ) ;
#2001 = CARTESIAN_POINT ( 'NONE',  ( 7.865000000000000213, -3.449999999999999734, -16.15000000000000213 ) ) ;
#2002 = ORIENTED_EDGE ( 'NONE', *, *, #1248, .T. ) ;
#2003 = CARTESIAN_POINT ( 'NONE',  ( 0.000000000000000000, 8.139999999999998792, -7.000000000000000000 ) ) ;
#2004 = EDGE_LOOP ( 'NONE', ( #1711, #1419, #2129, #909 ) ) ;
#2005 = EDGE_LOOP ( 'NONE', ( #785, #1235, #1384, #1073 ) ) ;
#2006 = DIRECTION ( 'NONE',  ( 0.000000000000000000, 0.000000000000000000, 1.000000000000000000 ) ) ;
#2007 = AXIS2_PLACEMENT_3D ( 'NONE', #1531, #1027, #1949 ) ;
#2008 = CARTESIAN_POINT ( 'NONE',  ( 9.099999999999999645, 12.72000000000000064, 0.000000000000000000 ) ) ;
#2009 = ORIENTED_EDGE ( 'NONE', *, *, #640, .F. ) ;
#2010 = CARTESIAN_POINT ( 'NONE',  ( 0.000000000000000000, 8.139999999999998792, -20.60999999999999943 ) ) ;
#2011 = CIRCLE ( 'NONE', #460, 3.250000000000000444 ) ;
#2012 = CARTESIAN_POINT ( 'NONE',  ( 0.000000000000000000, 8.139999999999998792, -7.000000000000000000 ) ) ;
#2013 = EDGE_CURVE ( 'NONE', #1641, #1195, #353, .T. ) ;
#2014 = VECTOR ( 'NONE', #81, 1000.000000000000000 ) ;
#2015 = EDGE_LOOP ( 'NONE', ( #1129, #1929, #34, #457 ) ) ;
#2016 = DIRECTION ( 'NONE',  ( 0.000000000000000000, 0.000000000000000000, 1.000000000000000000 ) ) ;
#2017 = PRODUCT_DEFINITION_FORMATION_WITH_SPECIFIED_SOURCE ( 'ANY', '', #28, .NOT_KNOWN. ) ;
#2018 = CIRCLE ( 'NONE', #229, 1.299999999999999156 ) ;
#2019 = ORIENTED_EDGE ( 'NONE', *, *, #687, .T. ) ;
#2020 = EDGE_CURVE ( 'NONE', #1670, #515, #1679, .T. ) ;
#2021 = AXIS2_PLACEMENT_3D ( 'NONE', #668, #1761, #471 ) ;
#2022 = VERTEX_POINT ( 'NONE', #1259 ) ;
#2023 = VERTEX_POINT ( 'NONE', #2008 ) ;
#2024 = CARTESIAN_POINT ( 'NONE',  ( 8.364999999999998437, -3.449999999999999734, -4.000000000000000000 ) ) ;
#2025 = DIRECTION ( 'NONE',  ( 1.000000000000000000, 0.000000000000000000, 0.000000000000000000 ) ) ;
#2026 = DIRECTION ( 'NONE',  ( 0.000000000000000000, 1.000000000000000000, 0.000000000000000000 ) ) ;
#2027 = ORIENTED_EDGE ( 'NONE', *, *, #1728, .T. ) ;
#2028 = CARTESIAN_POINT ( 'NONE',  ( 7.865000000000000213, -3.449999999999999734, -4.549999999999999822 ) ) ;
#2029 = ORIENTED_EDGE ( 'NONE', *, *, #591, .T. ) ;
#2030 = ITEM_DEFINED_TRANSFORMATION ( 'NONE', 'NONE', #2421,  #884 ) ;
#2031 = EDGE_CURVE ( 'NONE', #684, #1797, #1234, .T. ) ;
#2032 = ADVANCED_FACE ( 'NONE', ( #1451 ), #1090, .T. ) ;
#2033 = VERTEX_POINT ( 'NONE', #2399 ) ;
#2034 = DIRECTION ( 'NONE',  ( 0.000000000000000000, 0.000000000000000000, -1.000000000000000000 ) ) ;
#2035 = LINE ( 'NONE', #9, #1978 ) ;
#2036 = VERTEX_POINT ( 'NONE', #761 ) ;
#2037 = CARTESIAN_POINT ( 'NONE',  ( -10.92006769424999924, 0.000000000000000000, -6.100000000000000533 ) ) ;
#2038 = LINE ( 'NONE', #1319, #504 ) ;
#2039 = VERTEX_POINT ( 'NONE', #1491 ) ;
#2040 = DIRECTION ( 'NONE',  ( 0.000000000000000000, -0.000000000000000000, -1.000000000000000000 ) ) ;
#2041 = DIRECTION ( 'NONE',  ( 1.000000000000000000, -6.250228908255549378E-17, -2.220446049250312588E-16 ) ) ;
#2042 = CARTESIAN_POINT ( 'NONE',  ( 7.865000000000000213, 0.2200000000000000011, -14.59999999999999964 ) ) ;
#2043 = DIRECTION ( 'NONE',  ( 1.000000000000000000, 0.000000000000000000, 0.000000000000000000 ) ) ;
#2044 = ORIENTED_EDGE ( 'NONE', *, *, #1504, .T. ) ;
#2045 = LINE ( 'NONE', #2198, #433 ) ;
#2046 = ADVANCED_FACE ( 'NONE', ( #574 ), #720, .T. ) ;
#2047 = FACE_OUTER_BOUND ( 'NONE', #2348, .T. ) ;
#2048 = EDGE_CURVE ( 'NONE', #1599, #1570, #205, .T. ) ;
#2049 = ORIENTED_EDGE ( 'NONE', *, *, #2249, .F. ) ;
#2050 = LINE ( 'NONE', #434, #1943 ) ;
#2051 = CIRCLE ( 'NONE', #1769, 3.250000000000000000 ) ;
#2052 = CARTESIAN_POINT ( 'NONE',  ( -10.92006769424999924, 0.000000000000000000, -17.25000000000000000 ) ) ;
#2053 = EDGE_LOOP ( 'NONE', ( #851, #1437, #558, #534 ) ) ;
#2054 = DIRECTION ( 'NONE',  ( 0.000000000000000000, 0.000000000000000000, 1.000000000000000000 ) ) ;
#2055 = AXIS2_PLACEMENT_3D ( 'NONE', #241, #985, #1436 ) ;
#2056 = VECTOR ( 'NONE', #2231, 1000.000000000000000 ) ;
#2057 = CARTESIAN_POINT ( 'NONE',  ( 9.099999999999999645, 0.2200000000000000011, 0.000000000000000000 ) ) ;
#2058 = CARTESIAN_POINT ( 'NONE',  ( 8.364999999999998437, 0.000000000000000000, -4.549999999999999822 ) ) ;
#2059 = DIRECTION ( 'NONE',  ( 1.000000000000000000, 0.000000000000000000, 0.000000000000000000 ) ) ;
#2060 = AXIS2_PLACEMENT_3D ( 'NONE', #1264, #2016, #346 ) ;
#2061 = EDGE_LOOP ( 'NONE', ( #906, #1611, #2256, #1398 ) ) ;
#2062 = AXIS2_PLACEMENT_3D ( 'NONE', #219, #32, #1516 ) ;
#2063 = VECTOR ( 'NONE', #1105, 1000.000000000000000 ) ;
#2064 = CARTESIAN_POINT ( 'NONE',  ( -8.364999999999998437, 0.000000000000000000, -14.59999999999999964 ) ) ;
#2065 = AXIS2_PLACEMENT_3D ( 'NONE', #1890, #2317, #407 ) ;
#2066 = ORIENTED_EDGE ( 'NONE', *, *, #376, .T. ) ;
#2067 = DIRECTION ( 'NONE',  ( 0.000000000000000000, 1.000000000000000000, 0.000000000000000000 ) ) ;
#2068 = PRODUCT_DEFINITION ( 'UNKNOWN', '', #1974, #1174 ) ;
#2069 = CARTESIAN_POINT ( 'NONE',  ( 7.865000000000000213, 0.000000000000000000, -17.25000000000000000 ) ) ;
#2070 = FACE_OUTER_BOUND ( 'NONE', #2400, .T. ) ;
#2071 = VERTEX_POINT ( 'NONE', #1313 ) ;
#2072 = DIRECTION ( 'NONE',  ( 0.000000000000000000, 1.000000000000000000, 0.000000000000000000 ) ) ;
#2073 = DIRECTION ( 'NONE',  ( 0.000000000000000000, -1.000000000000000000, 0.000000000000000000 ) ) ;
#2074 = CARTESIAN_POINT ( 'NONE',  ( 4.349999999999999645, 3.924999999999999822, -23.52999999999999758 ) ) ;
#2075 = EDGE_LOOP ( 'NONE', ( #1859, #152, #1554, #411 ) ) ;
#2076 = CARTESIAN_POINT ( 'NONE',  ( 4.150000000000001243, 8.139999999999998792, -7.000000000000000000 ) ) ;
#2077 = DIRECTION ( 'NONE',  ( 0.000000000000000000, 0.000000000000000000, 1.000000000000000000 ) ) ;
#2078 = DIRECTION ( 'NONE',  ( 0.000000000000000000, -1.000000000000000000, 0.000000000000000000 ) ) ;
#2079 = VERTEX_POINT ( 'NONE', #2064 ) ;
#2080 = LINE ( 'NONE', #802, #1775 ) ;
#2081 = ADVANCED_FACE ( 'NONE', ( #2412 ), #733, .T. ) ;
#2082 = CARTESIAN_POINT ( 'NONE',  ( 7.865000000000000213, -3.449999999999999734, -16.69999999999999929 ) ) ;
#2083 = ORIENTED_EDGE ( 'NONE', *, *, #866, .T. ) ;
#2084 = FACE_OUTER_BOUND ( 'NONE', #405, .T. ) ;
#2085 = ORIENTED_EDGE ( 'NONE', *, *, #333, .F. ) ;
#2086 = CARTESIAN_POINT ( 'NONE',  ( -4.349999999999999645, 12.35500000000000043, -23.52999999999999758 ) ) ;
#2087 = EDGE_CURVE ( 'NONE', #1246, #716, #1466, .T. ) ;
#2088 = FACE_OUTER_BOUND ( 'NONE', #727, .T. ) ;
#2089 = AXIS2_PLACEMENT_3D ( 'NONE', #2126, #646, #263 ) ;
#2090 = SURFACE_SIDE_STYLE ('',( #2274 ) ) ;
#2091 = LINE ( 'NONE', #2074, #186 ) ;
#2092 = VECTOR ( 'NONE', #540, 1000.000000000000000 ) ;
#2093 = ADVANCED_FACE ( 'NONE', ( #1101 ), #1847, .F. ) ;
#2094 = EDGE_CURVE ( 'NONE', #2224, #2195, #235, .T. ) ;
#2095 = ORIENTED_EDGE ( 'NONE', *, *, #2266, .T. ) ;
#2096 = LINE ( 'NONE', #609, #667 ) ;
#2097 = VECTOR ( 'NONE', #984, 1000.000000000000000 ) ;
#2098 = VECTOR ( 'NONE', #2325, 1000.000000000000000 ) ;
#2099 = VECTOR ( 'NONE', #302, 1000.000000000000000 ) ;
#2100 = DIRECTION ( 'NONE',  ( 0.000000000000000000, 0.000000000000000000, -1.000000000000000000 ) ) ;
#2101 = VECTOR ( 'NONE', #69, 1000.000000000000000 ) ;
#2102 = PRESENTATION_LAYER_ASSIGNMENT (  '', '', ( #1239 ) ) ;
#2103 = VERTEX_POINT ( 'NONE', #1170 ) ;
#2104 = PLANE ( 'NONE',  #1197 ) ;
#2105 = DIRECTION ( 'NONE',  ( 0.000000000000000000, 0.000000000000000000, 1.000000000000000000 ) ) ;
#2106 = LINE ( 'NONE', #37, #498 ) ;
#2107 = LINE ( 'NONE', #1720, #231 ) ;
#2108 = ORIENTED_EDGE ( 'NONE', *, *, #1577, .F. ) ;
#2109 = CARTESIAN_POINT ( 'NONE',  ( -9.099999999999999645, 8.139999999999998792, 0.000000000000000000 ) ) ;
#2110 = EDGE_CURVE ( 'NONE', #684, #734, #1702, .T. ) ;
#2111 = ADVANCED_FACE ( 'NONE', ( #824 ), #892, .F. ) ;
#2112 = DIRECTION ( 'NONE',  ( -1.000000000000000000, 0.000000000000000000, 0.000000000000000000 ) ) ;
#2113 = ORIENTED_EDGE ( 'NONE', *, *, #376, .F. ) ;
#2114 = CARTESIAN_POINT ( 'NONE',  ( -7.865000000000000213, 0.2200000000000000011, -14.59999999999999964 ) ) ;
#2115 = CARTESIAN_POINT ( 'NONE',  ( 8.364999999999998437, 0.2200000000000000011, -1.899999999999999911 ) ) ;
#2116 = CARTESIAN_POINT ( 'NONE',  ( 8.364999999999998437, 0.000000000000000000, -17.25000000000000000 ) ) ;
#2117 = CARTESIAN_POINT ( 'NONE',  ( 8.364999999999998437, 0.2200000000000000011, -6.100000000000000533 ) ) ;
#2118 = ORIENTED_EDGE ( 'NONE', *, *, #512, .F. ) ;
#2119 = EDGE_LOOP ( 'NONE', ( #1339, #192, #280, #2243 ) ) ;
#2120 = ADVANCED_FACE ( 'NONE', ( #1918 ), #54, .F. ) ;
#2121 = LINE ( 'NONE', #454, #624 ) ;
#2122 = EDGE_CURVE ( 'NONE', #244, #1480, #2345, .T. ) ;
#2123 = CARTESIAN_POINT ( 'NONE',  ( -8.364999999999998437, 0.2200000000000000011, -14.59999999999999964 ) ) ;
#2124 = EDGE_LOOP ( 'NONE', ( #1065, #1837, #1762, #1916, #439, #1472, #1743, #717 ) ) ;
#2125 = CARTESIAN_POINT ( 'NONE',  ( -7.530000000000000249, 8.139999999999998792, 0.000000000000000000 ) ) ;
#2126 = CARTESIAN_POINT ( 'NONE',  ( 0.000000000000000000, 8.139999999999998792, 0.000000000000000000 ) ) ;
#2127 = VECTOR ( 'NONE', #1695, 1000.000000000000000 ) ;
#2128 = VERTEX_POINT ( 'NONE', #798 ) ;
#2129 = ORIENTED_EDGE ( 'NONE', *, *, #1120, .F. ) ;
#2130 = VECTOR ( 'NONE', #371, 1000.000000000000000 ) ;
#2131 = VECTOR ( 'NONE', #1718, 1000.000000000000000 ) ;
#2132 = FILL_AREA_STYLE ('',( #1792 ) ) ;
#2133 = MANIFOLD_SOLID_BREP ( 'Boss-Extrude2', #2411 ) ;
#2134 = LINE ( 'NONE', #1387, #65 ) ;
#2135 = VECTOR ( 'NONE', #1676, 1000.000000000000000 ) ;
#2136 = DIRECTION ( 'NONE',  ( 0.000000000000000000, 0.000000000000000000, -1.000000000000000000 ) ) ;
#2137 = AXIS2_PLACEMENT_3D ( 'NONE', #943, #1640, #1094 ) ;
#2138 = VERTEX_POINT ( 'NONE', #77 ) ;
#2139 = LINE ( 'NONE', #261, #299 ) ;
#2140 = EDGE_CURVE ( 'NONE', #999, #1151, #1154, .T. ) ;
#2141 = COLOUR_RGB ( '',0.7960784313725489669, 0.8235294117647058432, 0.9372549019607843146 ) ;
#2142 = LINE ( 'NONE', #277, #613 ) ;
#2143 = CARTESIAN_POINT ( 'NONE',  ( 5.700000000000000178, 8.139999999999998792, 3.000000000000000000 ) ) ;
#2144 = ORIENTED_EDGE ( 'NONE', *, *, #803, .F. ) ;
#2145 = PRESENTATION_STYLE_ASSIGNMENT (( #93 ) ) ;
#2146 = VERTEX_POINT ( 'NONE', #1503 ) ;
#2147 = DIRECTION ( 'NONE',  ( 1.000000000000000000, 0.000000000000000000, 0.000000000000000000 ) ) ;
#2148 = DIRECTION ( 'NONE',  ( 1.000000000000000000, 0.000000000000000000, 0.000000000000000000 ) ) ;
#2149 = EDGE_LOOP ( 'NONE', ( #692, #1117, #859, #345 ) ) ;
#2150 = CARTESIAN_POINT ( 'NONE',  ( -9.099999999999999645, 0.2200000000000000011, 0.000000000000000000 ) ) ;
#2151 = CYLINDRICAL_SURFACE ( 'NONE', #1423, 1.300000000000000711 ) ;
#2152 = EDGE_CURVE ( 'NONE', #1249, #1144, #2267, .T. ) ;
#2153 = CARTESIAN_POINT ( 'NONE',  ( 8.364999999999998437, -3.449999999999999734, -16.15000000000000213 ) ) ;
#2154 = VERTEX_POINT ( 'NONE', #1539 ) ;
#2155 = CARTESIAN_POINT ( 'NONE',  ( 0.000000000000000000, 4.890000000000000568, -20.60999999999999943 ) ) ;
#2156 = SURFACE_STYLE_FILL_AREA ( #2132 ) ;
#2157 = CARTESIAN_POINT ( 'NONE',  ( -4.150000000000000355, 8.139999999999998792, -7.000000000000000000 ) ) ;
#2158 = LINE ( 'NONE', #1404, #2222 ) ;
#2159 = EDGE_LOOP ( 'NONE', ( #163, #1439 ) ) ;
#2160 = DIRECTION ( 'NONE',  ( 0.000000000000000000, 0.000000000000000000, 1.000000000000000000 ) ) ;
#2161 = SHAPE_REPRESENTATION ( 'NMJ4HCD2', ( #134, #2421 ), #1776 ) ;
#2162 = MANIFOLD_SOLID_BREP ( 'Split1[2]', #1002 ) ;
#2163 = FACE_BOUND ( 'NONE', #1525, .T. ) ;
#2164 = CARTESIAN_POINT ( 'NONE',  ( -8.364999999999998437, 0.000000000000000000, -18.80000000000000071 ) ) ;
#2165 = ADVANCED_FACE ( 'NONE', ( #694 ), #1247, .T. ) ;
#2166 = CARTESIAN_POINT ( 'NONE',  ( 8.364999999999998437, 0.000000000000000000, -16.15000000000000213 ) ) ;
#2167 = LINE ( 'NONE', #2155, #1911 ) ;
#2168 = EDGE_CURVE ( 'NONE', #1246, #1217, #1665, .T. ) ;
#2169 = EDGE_CURVE ( 'NONE', #1599, #576, #842, .T. ) ;
#2170 = AXIS2_PLACEMENT_3D ( 'NONE', #2332, #2105, #672 ) ;
#2171 = MANIFOLD_SOLID_BREP ( 'Split1[4]', #1386 ) ;
#2172 = DIRECTION ( 'NONE',  ( 1.000000000000000000, 0.000000000000000000, 0.000000000000000000 ) ) ;
#2173 = PRESENTATION_LAYER_ASSIGNMENT (  '', '', ( #2374 ) ) ;
#2174 = DIRECTION ( 'NONE',  ( 0.000000000000000000, 0.000000000000000000, -1.000000000000000000 ) ) ;
#2175 = ORIENTED_EDGE ( 'NONE', *, *, #1476, .T. ) ;
#2176 = DIRECTION ( 'NONE',  ( 1.000000000000000000, 0.000000000000000000, 0.000000000000000000 ) ) ;
#2177 = CIRCLE ( 'NONE', #269, 0.5500000000000001554 ) ;
#2178 = VECTOR ( 'NONE', #1691, 1000.000000000000000 ) ;
#2179 = DIRECTION ( 'NONE',  ( 1.000000000000000000, 0.000000000000000000, 0.000000000000000000 ) ) ;
#2180 = DIRECTION ( 'NONE',  ( -0.000000000000000000, -0.000000000000000000, 1.000000000000000000 ) ) ;
#2181 = AXIS2_PLACEMENT_3D ( 'NONE', #1669, #1483, #566 ) ;
#2182 = ORIENTED_EDGE ( 'NONE', *, *, #1755, .T. ) ;
#2183 = PRESENTATION_LAYER_ASSIGNMENT (  '', '', ( #141 ) ) ;
#2184 = EDGE_LOOP ( 'NONE', ( #430, #1979, #2009, #1840 ) ) ;
#2185 =( NAMED_UNIT ( * ) SI_UNIT ( $, .STERADIAN. ) SOLID_ANGLE_UNIT ( ) );
#2186 = ADVANCED_FACE ( 'NONE', ( #1450 ), #1574, .T. ) ;
#2187 = ADVANCED_FACE ( 'NONE', ( #156 ), #2237, .F. ) ;
#2188 = DIRECTION ( 'NONE',  ( 0.000000000000000000, -1.000000000000000000, 0.000000000000000000 ) ) ;
#2189 = CARTESIAN_POINT ( 'NONE',  ( -7.865000000000000213, 0.000000000000000000, -14.59999999999999964 ) ) ;
#2190 = ORIENTED_EDGE ( 'NONE', *, *, #2048, .F. ) ;
#2191 = DIRECTION ( 'NONE',  ( -1.000000000000000000, 0.000000000000000000, 0.000000000000000000 ) ) ;
#2192 = CARTESIAN_POINT ( 'NONE',  ( -8.364999999999998437, -3.449999999999999734, -17.25000000000000000 ) ) ;
#2193 = ORIENTED_EDGE ( 'NONE', *, *, #1984, .F. ) ;
#2194 = DIRECTION ( 'NONE',  ( 0.000000000000000000, 0.000000000000000000, -1.000000000000000000 ) ) ;
#2195 = VERTEX_POINT ( 'NONE', #2209 ) ;
#2196 = SURFACE_STYLE_USAGE ( .BOTH. , #1440 ) ;
#2197 = ORIENTED_EDGE ( 'NONE', *, *, #1248, .F. ) ;
#2198 = CARTESIAN_POINT ( 'NONE',  ( 5.700000000000000178, 8.139999999999998792, -7.000000000000000000 ) ) ;
#2199 = DIRECTION ( 'NONE',  ( 0.000000000000000000, 0.000000000000000000, 1.000000000000000000 ) ) ;
#2200 = ADVANCED_FACE ( 'NONE', ( #374 ), #552, .F. ) ;
#2201 = ORIENTED_EDGE ( 'NONE', *, *, #1181, .F. ) ;
#2202 = LINE ( 'NONE', #722, #2378 ) ;
#2203 = ADVANCED_FACE ( 'NONE', ( #899 ), #1490, .T. ) ;
#2204 = DIRECTION ( 'NONE',  ( 0.000000000000000000, 0.000000000000000000, 1.000000000000000000 ) ) ;
#2205 = ORIENTED_EDGE ( 'NONE', *, *, #513, .T. ) ;
#2206 = DIRECTION ( 'NONE',  ( 1.000000000000000000, 0.000000000000000000, 0.000000000000000000 ) ) ;
#2207 = ORIENTED_EDGE ( 'NONE', *, *, #1748, .F. ) ;
#2208 = ORIENTED_EDGE ( 'NONE', *, *, #900, .T. ) ;
#2209 = CARTESIAN_POINT ( 'NONE',  ( 9.099999999999999645, 12.72000000000000064, -20.60999999999999943 ) ) ;
#2210 = VECTOR ( 'NONE', #1485, 1000.000000000000114 ) ;
#2211 = CARTESIAN_POINT ( 'NONE',  ( 9.099999999999999645, 8.139999999999998792, 0.000000000000000000 ) ) ;
#2212 = ORIENTED_EDGE ( 'NONE', *, *, #2438, .T. ) ;
#2213 = DIRECTION ( 'NONE',  ( 0.000000000000000000, 0.000000000000000000, 1.000000000000000000 ) ) ;
#2214 = AXIS2_PLACEMENT_3D ( 'NONE', #382, #1123, #1868 ) ;
#2215 = DIRECTION ( 'NONE',  ( 0.000000000000000000, 1.000000000000000000, 0.000000000000000000 ) ) ;
#2216 = DIRECTION ( 'NONE',  ( 0.000000000000000000, 0.000000000000000000, 1.000000000000000000 ) ) ;
#2217 = VECTOR ( 'NONE', #1871, 1000.000000000000000 ) ;
#2218 = VERTEX_POINT ( 'NONE', #1130 ) ;
#2219 = EDGE_CURVE ( 'NONE', #755, #351, #29, .T. ) ;
#2220 = AXIS2_PLACEMENT_3D ( 'NONE', #78, #1565, #86 ) ;
#2221 = VERTEX_POINT ( 'NONE', #352 ) ;
#2222 = VECTOR ( 'NONE', #2148, 1000.000000000000000 ) ;
#2223 = CIRCLE ( 'NONE', #1467, 0.5500000000000001554 ) ;
#2224 = VERTEX_POINT ( 'NONE', #1285 ) ;
#2225 = DIRECTION ( 'NONE',  ( -0.000000000000000000, -0.000000000000000000, 1.000000000000000000 ) ) ;
#2226 = CARTESIAN_POINT ( 'NONE',  ( -7.865000000000000213, 0.000000000000000000, -4.549999999999999822 ) ) ;
#2227 = VERTEX_POINT ( 'NONE', #708 ) ;
#2228 = DIRECTION ( 'NONE',  ( 1.000000000000000000, 0.000000000000000000, 0.000000000000000000 ) ) ;
#2229 = CARTESIAN_POINT ( 'NONE',  ( -5.700000000000000178, 8.139999999999998792, -7.000000000000000000 ) ) ;
#2230 = ORIENTED_EDGE ( 'NONE', *, *, #1846, .T. ) ;
#2231 = DIRECTION ( 'NONE',  ( -1.000000000000000000, 0.000000000000000000, 0.000000000000000000 ) ) ;
#2232 = EDGE_CURVE ( 'NONE', #1902, #637, #2223, .T. ) ;
#2233 = CARTESIAN_POINT ( 'NONE',  ( -9.099999999999999645, 0.2200000000000000011, -20.60999999999999943 ) ) ;
#2234 = SHAPE_DEFINITION_REPRESENTATION ( #1272, #1402 ) ;
#2235 = EDGE_CURVE ( 'NONE', #846, #1723, #2045, .T. ) ;
#2236 = EDGE_LOOP ( 'NONE', ( #2207, #1607, #2118, #357 ) ) ;
#2237 = CYLINDRICAL_SURFACE ( 'NONE', #1165, 3.250000000000000000 ) ;
#2238 = ORIENTED_EDGE ( 'NONE', *, *, #1388, .T. ) ;
#2239 = DIRECTION ( 'NONE',  ( 0.000000000000000000, 0.000000000000000000, 1.000000000000000000 ) ) ;
#2240 = APPLICATION_CONTEXT ( 'automotive_design' ) ;
#2241 = LINE ( 'NONE', #739, #1230 ) ;
#2242 = FACE_OUTER_BOUND ( 'NONE', #832, .T. ) ;
#2243 = ORIENTED_EDGE ( 'NONE', *, *, #2219, .T. ) ;
#2244 = CARTESIAN_POINT ( 'NONE',  ( -9.099999999999999645, 0.2200000000000000011, -20.60999999999999943 ) ) ;
#2245 = LINE ( 'NONE', #1433, #737 ) ;
#2246 = ADVANCED_FACE ( 'NONE', ( #2410 ), #910, .T. ) ;
#2247 = ORIENTED_EDGE ( 'NONE', *, *, #1832, .T. ) ;
#2248 = DIRECTION ( 'NONE',  ( 1.000000000000000000, 0.000000000000000000, 0.000000000000000000 ) ) ;
#2249 = EDGE_CURVE ( 'NONE', #599, #820, #1549, .T. ) ;
#2250 = EDGE_CURVE ( 'NONE', #2195, #2023, #1844, .T. ) ;
#2251 = CARTESIAN_POINT ( 'NONE',  ( 7.865000000000000213, -3.449999999999999734, -3.449999999999999734 ) ) ;
#2252 = VERTEX_POINT ( 'NONE', #169 ) ;
#2253 = LINE ( 'NONE', #965, #1429 ) ;
#2254 = CYLINDRICAL_SURFACE ( 'NONE', #1072, 7.530000000000000249 ) ;
#2255 = CARTESIAN_POINT ( 'NONE',  ( 8.364999999999998437, 0.2200000000000000011, -14.59999999999999964 ) ) ;
#2256 = ORIENTED_EDGE ( 'NONE', *, *, #1621, .F. ) ;
#2257 = DIRECTION ( 'NONE',  ( -0.000000000000000000, 1.000000000000000000, 0.000000000000000000 ) ) ;
#2258 = VECTOR ( 'NONE', #105, 1000.000000000000000 ) ;
#2259 = VECTOR ( 'NONE', #412, 1000.000000000000000 ) ;
#2260 = LINE ( 'NONE', #36, #2210 ) ;
#2261 = CARTESIAN_POINT ( 'NONE',  ( 0.000000000000000000, 8.139999999999998792, -10.00000000000000000 ) ) ;
#2262 = MECHANICAL_DESIGN_GEOMETRIC_PRESENTATION_REPRESENTATION (  '', ( #1278 ), #1199 ) ;
#2263 = AXIS2_PLACEMENT_3D ( 'NONE', #480, #272, #1014 ) ;
#2264 = ORIENTED_EDGE ( 'NONE', *, *, #2235, .T. ) ;
#2265 = AXIS2_PLACEMENT_3D ( 'NONE', #1922, #2136, #79 ) ;
#2266 = EDGE_CURVE ( 'NONE', #373, #983, #2442, .T. ) ;
#2267 = LINE ( 'NONE', #248, #1950 ) ;
#2268 = AXIS2_PLACEMENT_3D ( 'NONE', #1555, #1182, #271 ) ;
#2269 = DIRECTION ( 'NONE',  ( 1.000000000000000000, 0.000000000000000000, 0.000000000000000000 ) ) ;
#2270 = PLANE ( 'NONE',  #1622 ) ;
#2271 = ORIENTED_EDGE ( 'NONE', *, *, #1948, .F. ) ;
#2272 = CARTESIAN_POINT ( 'NONE',  ( 8.300000000000000711, 8.139999999999998792, 0.000000000000000000 ) ) ;
#2273 = LINE ( 'NONE', #413, #2369 ) ;
#2274 = SURFACE_STYLE_FILL_AREA ( #449 ) ;
#2275 = DIRECTION ( 'NONE',  ( 0.000000000000000000, 0.000000000000000000, 1.000000000000000000 ) ) ;
#2276 = ORIENTED_EDGE ( 'NONE', *, *, #1728, .F. ) ;
#2277 = LINE ( 'NONE', #1553, #1081 ) ;
#2278 = FILL_AREA_STYLE ('',( #1013 ) ) ;
#2279 = DIRECTION ( 'NONE',  ( -0.000000000000000000, 1.000000000000000000, 0.000000000000000000 ) ) ;
#2280 = EDGE_CURVE ( 'NONE', #102, #1249, #1478, .T. ) ;
#2281 = ORIENTED_EDGE ( 'NONE', *, *, #2328, .F. ) ;
#2282 = CARTESIAN_POINT ( 'NONE',  ( 8.364999999999998437, -3.449999999999999734, -17.25000000000000000 ) ) ;
#2283 = EDGE_CURVE ( 'NONE', #1213, #166, #2288, .T. ) ;
#2284 = CARTESIAN_POINT ( 'NONE',  ( -4.349999999999999645, 3.924999999999999822, -23.52999999999999758 ) ) ;
#2285 = DIRECTION ( 'NONE',  ( 0.000000000000000000, 0.000000000000000000, -1.000000000000000000 ) ) ;
#2286 = CARTESIAN_POINT ( 'NONE',  ( 3.250000000000000000, 8.139999999999998792, -21.48361162512999911 ) ) ;
#2287 = EDGE_LOOP ( 'NONE', ( #1815, #823, #1167, #1033, #1021, #1707, #1325, #1331 ) ) ;
#2288 = LINE ( 'NONE', #2076, #1864 ) ;
#2289 = ORIENTED_EDGE ( 'NONE', *, *, #788, .F. ) ;
#2290 = CARTESIAN_POINT ( 'NONE',  ( 0.000000000000000000, 8.139999999999998792, -10.00000000000000000 ) ) ;
#2291 = CARTESIAN_POINT ( 'NONE',  ( 0.000000000000000000, 0.000000000000000000, -20.60999999999999943 ) ) ;
#2292 = FACE_OUTER_BOUND ( 'NONE', #279, .T. ) ;
#2293 = VERTEX_POINT ( 'NONE', #1734 ) ;
#2294 = FACE_OUTER_BOUND ( 'NONE', #1054, .T. ) ;
#2295 = DIRECTION ( 'NONE',  ( 0.000000000000000000, 0.000000000000000000, -1.000000000000000000 ) ) ;
#2296 = EDGE_CURVE ( 'NONE', #543, #2071, #1365, .T. ) ;
#2297 = EDGE_CURVE ( 'NONE', #479, #510, #52, .T. ) ;
#2298 = AXIS2_PLACEMENT_3D ( 'NONE', #213, #2436, #19 ) ;
#2299 = CARTESIAN_POINT ( 'NONE',  ( 8.364999999999998437, -3.449999999999999734, -3.449999999999999734 ) ) ;
#2300 = VECTOR ( 'NONE', #1329, 1000.000000000000000 ) ;
#2301 = ORIENTED_EDGE ( 'NONE', *, *, #756, .T. ) ;
#2302 = DIRECTION ( 'NONE',  ( -1.000000000000000000, 0.000000000000000000, 0.000000000000000000 ) ) ;
#2303 = ORIENTED_EDGE ( 'NONE', *, *, #401, .T. ) ;
#2304 = CIRCLE ( 'NONE', #179, 5.700000000000000178 ) ;
#2305 = AXIS2_PLACEMENT_3D ( 'NONE', #1177, #38, #1512 ) ;
#2306 = SURFACE_SIDE_STYLE ('',( #1942 ) ) ;
#2307 = VECTOR ( 'NONE', #1836, 1000.000000000000000 ) ;
#2308 = STYLED_ITEM ( 'NONE', ( #641 ), #2133 ) ;
#2309 = VERTEX_POINT ( 'NONE', #406 ) ;
#2310 = CARTESIAN_POINT ( 'NONE',  ( 8.364999999999998437, 0.000000000000000000, -18.80000000000000071 ) ) ;
#2311 = DIRECTION ( 'NONE',  ( 1.000000000000000000, 0.000000000000000000, 0.000000000000000000 ) ) ;
#2312 = DIRECTION ( 'NONE',  ( 1.000000000000000000, 0.000000000000000000, 0.000000000000000000 ) ) ;
#2313 = CARTESIAN_POINT ( 'NONE',  ( -7.865000000000000213, 0.000000000000000000, -1.899999999999999911 ) ) ;
#2314 = EDGE_CURVE ( 'NONE', #1308, #787, #1039, .T. ) ;
#2315 = ORIENTED_EDGE ( 'NONE', *, *, #1959, .F. ) ;
#2316 = EDGE_LOOP ( 'NONE', ( #2238, #950 ) ) ;
#2317 = DIRECTION ( 'NONE',  ( 0.000000000000000000, 0.000000000000000000, 1.000000000000000000 ) ) ;
#2318 = CARTESIAN_POINT ( 'NONE',  ( -9.099999999999999645, 0.2200000000000000011, 0.000000000000000000 ) ) ;
#2319 = CARTESIAN_POINT ( 'NONE',  ( -4.150000000000000355, 8.139999999999998792, -10.00000000000000000 ) ) ;
#2320 = EDGE_LOOP ( 'NONE', ( #2113, #1966 ) ) ;
#2321 = CARTESIAN_POINT ( 'NONE',  ( -7.865000000000000213, 0.000000000000000000, -18.80000000000000071 ) ) ;
#2322 = DIRECTION ( 'NONE',  ( 1.000000000000000000, 0.000000000000000000, 0.000000000000000000 ) ) ;
#2323 = DIRECTION ( 'NONE',  ( 0.000000000000000000, 0.000000000000000000, -1.000000000000000000 ) ) ;
#2324 = ORIENTED_EDGE ( 'NONE', *, *, #1220, .F. ) ;
#2325 = DIRECTION ( 'NONE',  ( 0.000000000000000000, -1.000000000000000000, 0.000000000000000000 ) ) ;
#2326 = ORIENTED_EDGE ( 'NONE', *, *, #1121, .F. ) ;
#2327 = EDGE_CURVE ( 'NONE', #451, #287, #786, .T. ) ;
#2328 = EDGE_CURVE ( 'NONE', #203, #2138, #2096, .T. ) ;
#2329 = LINE ( 'NONE', #1216, #386 ) ;
#2330 = ORIENTED_EDGE ( 'NONE', *, *, #1471, .F. ) ;
#2331 = DIRECTION ( 'NONE',  ( -0.6449138389820909811, -0.7642552847637900104, 0.000000000000000000 ) ) ;
#2332 = CARTESIAN_POINT ( 'NONE',  ( -7.865000000000000213, 0.2200000000000000011, -1.899999999999999911 ) ) ;
#2333 = ORIENTED_EDGE ( 'NONE', *, *, #1846, .F. ) ;
#2334 = LINE ( 'NONE', #2349, #1588 ) ;
#2335 = EDGE_LOOP ( 'NONE', ( #488, #2247, #1661, #1047 ) ) ;
#2336 = CIRCLE ( 'NONE', #731, 5.700000000000000178 ) ;
#2337 =( REPRESENTATION_RELATIONSHIP ('NONE','NONE', #2161, #1402 ) REPRESENTATION_RELATIONSHIP_WITH_TRANSFORMATION ( #2030 )SHAPE_REPRESENTATION_RELATIONSHIP( ) );
#2338 = VECTOR ( 'NONE', #956, 1000.000000000000000 ) ;
#2339 = FILL_AREA_STYLE ('',( #1062 ) ) ;
#2340 = STYLED_ITEM ( 'NONE', ( #469 ), #1335 ) ;
#2341 = EDGE_CURVE ( 'NONE', #1630, #1960, #2277, .T. ) ;
#2342 = VECTOR ( 'NONE', #791, 1000.000000000000000 ) ;
#2343 = ORIENTED_EDGE ( 'NONE', *, *, #2152, .T. ) ;
#2344 = DIRECTION ( 'NONE',  ( -0.000000000000000000, -0.000000000000000000, 1.000000000000000000 ) ) ;
#2345 = CIRCLE ( 'NONE', #783, 4.150000000000000355 ) ;
#2346 = CARTESIAN_POINT ( 'NONE',  ( 0.000000000000000000, 8.139999999999998792, 0.000000000000000000 ) ) ;
#2347 = CARTESIAN_POINT ( 'NONE',  ( 0.000000000000000000, 8.139999999999998792, -10.00000000000000000 ) ) ;
#2348 = EDGE_LOOP ( 'NONE', ( #239, #2027, #1125, #83, #962, #1282, #2408, #307 ) ) ;
#2349 = CARTESIAN_POINT ( 'NONE',  ( 9.099999999999999645, 0.2200000000000000011, 0.000000000000000000 ) ) ;
#2350 = SURFACE_SIDE_STYLE ('',( #1215 ) ) ;
#2351 = DIRECTION ( 'NONE',  ( 1.000000000000000000, 0.000000000000000000, 0.000000000000000000 ) ) ;
#2352 = ORIENTED_EDGE ( 'NONE', *, *, #547, .T. ) ;
#2353 = DIRECTION ( 'NONE',  ( 0.000000000000000000, 0.000000000000000000, 1.000000000000000000 ) ) ;
#2354 = ADVANCED_FACE ( 'NONE', ( #1150 ), #1712, .T. ) ;
#2355 = CARTESIAN_POINT ( 'NONE',  ( -9.099999999999999645, 8.139999999999998792, -20.60999999999999943 ) ) ;
#2356 = ADVANCED_FACE ( 'NONE', ( #40 ), #1928, .F. ) ;
#2357 = EDGE_CURVE ( 'NONE', #296, #2224, #217, .T. ) ;
#2358 = LINE ( 'NONE', #2367, #126 ) ;
#2359 = CARTESIAN_POINT ( 'NONE',  ( 4.349999999999999645, 12.35500000000000043, -23.52999999999999758 ) ) ;
#2360 = LINE ( 'NONE', #1324, #2099 ) ;
#2361 = CARTESIAN_POINT ( 'NONE',  ( 0.000000000000000000, 8.139999999999998792, -23.52999999999999758 ) ) ;
#2362 = VERTEX_POINT ( 'NONE', #1901 ) ;
#2363 = CARTESIAN_POINT ( 'NONE',  ( 0.000000000000000000, 8.139999999999998792, 3.000000000000000000 ) ) ;
#2364 = LINE ( 'NONE', #2001, #2258 ) ;
#2365 = ADVANCED_FACE ( 'NONE', ( #807 ), #628, .T. ) ;
#2366 = EDGE_CURVE ( 'NONE', #2128, #644, #452, .T. ) ;
#2367 = CARTESIAN_POINT ( 'NONE',  ( -9.099999999999999645, 8.139999999999998792, 0.000000000000000000 ) ) ;
#2368 = DIRECTION ( 'NONE',  ( 0.000000000000000000, 1.000000000000000000, 0.000000000000000000 ) ) ;
#2369 = VECTOR ( 'NONE', #1147, 1000.000000000000000 ) ;
#2370 = ORIENTED_EDGE ( 'NONE', *, *, #650, .T. ) ;
#2371 =( NAMED_UNIT ( * ) PLANE_ANGLE_UNIT ( ) SI_UNIT ( $, .RADIAN. ) );
#2372 = AXIS2_PLACEMENT_3D ( 'NONE', #2347, #2180, #673 ) ;
#2373 = DIRECTION ( 'NONE',  ( 0.000000000000000000, 0.000000000000000000, 1.000000000000000000 ) ) ;
#2374 = STYLED_ITEM ( 'NONE', ( #1255 ), #524 ) ;
#2375 = DIRECTION ( 'NONE',  ( -0.000000000000000000, -0.000000000000000000, 1.000000000000000000 ) ) ;
#2376 = VERTEX_POINT ( 'NONE', #1782 ) ;
#2377 = PLANE ( 'NONE',  #850 ) ;
#2378 = VECTOR ( 'NONE', #526, 1000.000000000000000 ) ;
#2379 = AXIS2_PLACEMENT_3D ( 'NONE', #676, #1770, #490 ) ;
#2380 = DIRECTION ( 'NONE',  ( 0.000000000000000000, 1.000000000000000000, 0.000000000000000000 ) ) ;
#2381 = ORIENTED_EDGE ( 'NONE', *, *, #2000, .F. ) ;
#2382 = AXIS2_PLACEMENT_3D ( 'NONE', #339, #2443, #1636 ) ;
#2383 = ORIENTED_EDGE ( 'NONE', *, *, #1417, .T. ) ;
#2384 = AXIS2_PLACEMENT_3D ( 'NONE', #1257, #730, #1624 ) ;
#2385 = SURFACE_STYLE_FILL_AREA ( #201 ) ;
#2386 = EDGE_CURVE ( 'NONE', #976, #417, #682, .T. ) ;
#2387 = ORIENTED_EDGE ( 'NONE', *, *, #1920, .T. ) ;
#2388 = DIRECTION ( 'NONE',  ( 0.000000000000000000, 0.000000000000000000, 1.000000000000000000 ) ) ;
#2389 = LINE ( 'NONE', #2440, #342 ) ;
#2390 = EDGE_CURVE ( 'NONE', #76, #1037, #2334, .T. ) ;
#2391 = ORIENTED_EDGE ( 'NONE', *, *, #1367, .T. ) ;
#2392 = FACE_OUTER_BOUND ( 'NONE', #597, .T. ) ;
#2393 = DIRECTION ( 'NONE',  ( 0.000000000000000000, 0.000000000000000000, 1.000000000000000000 ) ) ;
#2394 = ORIENTED_EDGE ( 'NONE', *, *, #1884, .F. ) ;
#2395 = CARTESIAN_POINT ( 'NONE',  ( -8.364999999999998437, -3.449999999999999734, -3.449999999999999734 ) ) ;
#2396 = FACE_OUTER_BOUND ( 'NONE', #1269, .T. ) ;
#2397 = EDGE_LOOP ( 'NONE', ( #1618, #1370 ) ) ;
#2398 = ADVANCED_FACE ( 'NONE', ( #1571 ), #297, .T. ) ;
#2399 = CARTESIAN_POINT ( 'NONE',  ( -8.364999999999998437, 0.000000000000000000, -3.449999999999999734 ) ) ;
#2400 = EDGE_LOOP ( 'NONE', ( #51, #1900, #1202, #2330 ) ) ;
#2401 = LINE ( 'NONE', #1849, #732 ) ;
#2402 = FACE_OUTER_BOUND ( 'NONE', #2004, .T. ) ;
#2403 = DIRECTION ( 'NONE',  ( 0.000000000000000000, 0.000000000000000000, 1.000000000000000000 ) ) ;
#2404 = ORIENTED_EDGE ( 'NONE', *, *, #1378, .T. ) ;
#2405 = CARTESIAN_POINT ( 'NONE',  ( -8.364999999999998437, 0.000000000000000000, -3.449999999999999734 ) ) ;
#2406 = UNCERTAINTY_MEASURE_WITH_UNIT (LENGTH_MEASURE( 1.000000000000000082E-05 ), #1189, 'distance_accuracy_value', 'NONE');
#2407 = ADVANCED_BREP_SHAPE_REPRESENTATION ( '', ( #1335, #2162, #524, #2171, #550, #2133, #884 ), #303 ) ;
#2408 = ORIENTED_EDGE ( 'NONE', *, *, #867, .F. ) ;
#2409 = ORIENTED_EDGE ( 'NONE', *, *, #476, .F. ) ;
#2410 = FACE_OUTER_BOUND ( 'NONE', #1513, .T. ) ;
#2411 = CLOSED_SHELL ( 'NONE', ( #2120, #474, #948, #2203, #2081, #1673, #1056, #1407, #542, #1885, #441, #1346 ) ) ;
#2412 = FACE_OUTER_BOUND ( 'NONE', #421, .T. ) ;
#2413 = ORIENTED_EDGE ( 'NONE', *, *, #318, .T. ) ;
#2414 = FACE_BOUND ( 'NONE', #988, .T. ) ;
#2415 = EDGE_CURVE ( 'NONE', #282, #2218, #2167, .T. ) ;
#2416 = VECTOR ( 'NONE', #1532, 1000.000000000000000 ) ;
#2417 = CARTESIAN_POINT ( 'NONE',  ( 7.865000000000000213, 0.000000000000000000, -16.15000000000000213 ) ) ;
#2418 = VECTOR ( 'NONE', #89, 1000.000000000000000 ) ;
#2419 = ORIENTED_EDGE ( 'NONE', *, *, #443, .F. ) ;
#2420 = LINE ( 'NONE', #544, #573 ) ;
#2421 = AXIS2_PLACEMENT_3D ( 'NONE', #881, #2041, #706 ) ;
#2422 = AXIS2_PLACEMENT_3D ( 'NONE', #1306, #1109, #187 ) ;
#2423 = PLANE ( 'NONE',  #1071 ) ;
#2424 =( LENGTH_UNIT ( ) NAMED_UNIT ( * ) SI_UNIT ( .MILLI., .METRE. ) );
#2425 = VECTOR ( 'NONE', #1926, 1000.000000000000000 ) ;
#2426 = AXIS2_PLACEMENT_3D ( 'NONE', #392, #2388, #535 ) ;
#2427 = ORIENTED_EDGE ( 'NONE', *, *, #2250, .F. ) ;
#2428 = DIRECTION ( 'NONE',  ( 0.000000000000000000, 0.000000000000000000, 1.000000000000000000 ) ) ;
#2429 = ORIENTED_EDGE ( 'NONE', *, *, #1488, .T. ) ;
#2430 = DIRECTION ( 'NONE',  ( 1.000000000000000000, 0.000000000000000000, 0.000000000000000000 ) ) ;
#2431 = FACE_OUTER_BOUND ( 'NONE', #615, .T. ) ;
#2432 = CARTESIAN_POINT ( 'NONE',  ( 7.865000000000000213, 0.000000000000000000, -4.549999999999999822 ) ) ;
#2433 = EDGE_CURVE ( 'NONE', #576, #648, #1029, .T. ) ;
#2434 = VERTEX_POINT ( 'NONE', #1938 ) ;
#2435 = DIRECTION ( 'NONE',  ( -0.000000000000000000, 1.000000000000000000, 0.000000000000000000 ) ) ;
#2436 = DIRECTION ( 'NONE',  ( 0.000000000000000000, 0.000000000000000000, -1.000000000000000000 ) ) ;
#2437 = ADVANCED_FACE ( 'NONE', ( #1038 ), #1412, .F. ) ;
#2438 = EDGE_CURVE ( 'NONE', #870, #287, #427, .T. ) ;
#2439 = FILL_AREA_STYLE_COLOUR ( '', #61 ) ;
#2440 = CARTESIAN_POINT ( 'NONE',  ( -8.364999999999998437, 0.000000000000000000, -4.549999999999999822 ) ) ;
#2441 = VERTEX_POINT ( 'NONE', #1204 ) ;
#2442 = LINE ( 'NONE', #922, #1361 ) ;
#2443 = DIRECTION ( 'NONE',  ( -0.000000000000000000, 1.000000000000000000, 0.000000000000000000 ) ) ;
#2444 = CARTESIAN_POINT ( 'NONE',  ( 6.806468129806999556, 13.55838799068000000, -20.60999999999999943 ) ) ;
#2445 = NEXT_ASSEMBLY_USAGE_OCCURRENCE ( 'NAUO1', ' ', ' ', #2068, #1198, $ ) ;
ENDSEC;
END-ISO-10303-21;
